name_std,symbol_std
ozonemetaverse,ozonemetaverse
typeit,typeit
egopaysenger,egopaysenger
goracle,goracle
bidshop,bidshop
tectum,tectum
ethlas,ethlas
archway,archway
polygame,polygame
neon,neon
warlegends,warlegends
otterhome,otterhome
hypergpt,hypergpt
cyberarena,cyberarena
kaif,kaif
gptguru,gptguru
metaversekombat,metaversekombat
cogitoprotocol,cogitoprotocol
theqwan,theqwan
eldarune,eldarune
bwarelabs,bwarelabs
orbofi,orbofi
pikaprotocol,pikaprotocol
wistaverse,wistaverse
cyberconnect,cyberconnect
bladedao,bladedao
tenet,tenet
theunfettered,theunfettered
turbosfinance,turbosfinance
wefi,wefi
limewire,limewire
fitburn,fitburn
finblox,finblox
arbipad,arbipad
suipad,suipad
hypercycle,hypercycle
radiantcapital,radiantcapital
karatecombat,karatecombat
litlabgames,litlabgames
sui,sui
coinzix,coinzix
republicnote,republicnote
naviern,naviern
bluesale,bluesale
opencampus,opencampus
hepton,hepton
gosleep,gosleep
playzap,playzap
crown,crown
yesports,yesports
reignofterror,reignofterror
realitymetaverse,realitymetaverse
delysium,delysium
moovy,moovy
kryptai,kryptai
pomerium,pomerium
chaingpt,chaingpt
gloryfinance,gloryfinance
arkenfinance,arkenfinance
stellafantasy,stellafantasy
wifimap,wifimap
coniun,coniun
alaskagoldrush,alaskagoldrush
arttnetwork,arttnetwork
nuritopia,nuritopia
arbitrum,arbitrum
mintlayer,mintlayer
ovonftplatform,ovonftplatform
spaceid,spaceid
minima,minima
neocortexai,neocortexai
interactwith,interactwith
honeyland,honeyland
opipets,opipets
dangelfund,dangelfund
degenzoo,degenzoo
rejuveai,rejuveai
staika,staika
podfast,podfast
youropenmetaverse,youropenmetaverse
g4al,g4al
exorde,exorde
mizar,mizar
dsync,dsync
cryptogpt,cryptogpt
shelterz,shelterz
halo,halo
parmafantoken,parmafantoken
mantanetworkcrowdloan,mantanetworkcrowdloan
angelblock,angelblock
ironfish,ironfish
blackstallion,blackstallion
beldex,beldex
deepwaters,deepwaters
carbon,carbon
tatsumeeko,tatsumeeko
iguverse,iguverse
honeywood,honeywood
ikonic,ikonic
pine,pine
neon,neon
cyberconnect,cyberconnect
sui,sui
republicnote,republicnote
arbitrum,arbitrum
ironfish,ironfish
eco,eco
aptos,aptos
projectgalaxy,projectgalaxy
cowswap,cowswap
axelar,axelar
staderlabs,staderlabs
nym,nym
meritcircle,meritcircle
colony,colony
starlyio,starlyio
goldfinchfinance,goldfinchfinance
agoric,agoric
pstake,pstake
gearboxprotocol,gearboxprotocol
benqi,benqi
voxiestactics,voxiestactics
lumerin,lumerin
umee,umee
guildfi,guildfi
biconomy,biconomy
minesofdalarnia,minesofdalarnia
monox,monox
aurora,aurora
guildofguardians,guildofguardians
cerenetwork,cerenetwork
ardana,ardana
swash,swash
clearpool,clearpool
aurory,aurory
godsunchained,godsunchained
blocto,blocto
divergence,divergence
handlefi,handlefi
braintrust,braintrust
gelato,gelato
immutablex,immutablex
acalanetwork,acalanetwork
staratlas,staratlas
openswap,openswap
bitdao,bitdao
lithium,lithium
qredo,qredo
efinity,efinity
vegaprotocol,vegaprotocol
centrifuge,centrifuge
oilernetwork,oilernetwork
clv,clv
minaprotocol,minaprotocol
casper,casper
feiprotocol,feiprotocol
tidalfinance,tidalfinance
convergence,convergence
konominetwork,konominetwork
kine,kine
radicle,radicle
hopr,hopr
sifchainfinance,sifchainfinance
hydradx,hydradx
razornetwork,razornetwork
stegos,stegos
api3,api3
oasislabs,oasislabs
certik,certik
marlin,marlin
thegraph,thegraph
radixdlt,radixdlt
injectiveprotocol,injectiveprotocol
wing,wing
unilend,unilend
bellaprotocol,bellaprotocol
flow,flow
nucypher,nucypher
flamingofinance,flamingofinance
linearfinance,linearfinance
frontier,frontier
perpetualprotocol,perpetualprotocol
stafi,stafi
skalenetwork,skalenetwork
oinfinance,oinfinance
nearprotocol,nearprotocol
celo,celo
just,just
uma,uma
xdai,xdai
cartesi,cartesi
elixxir,elixxir
bandprotocol,bandprotocol
blockstack,blockstack
perlin,perlin
ultralpha,ultralpha
wink,wink
ultra,ultra
elrondnetwork,elrondnetwork
ampleforth,ampleforth
ozonemetaverse,ozonemetaverse
typeit,typeit
egopaysenger,egopaysenger
goracle,goracle
bidshop,bidshop
tectum,tectum
ethlas,ethlas
archway,archway
polygame,polygame
warlegends,warlegends
otterhome,otterhome
hypergpt,hypergpt
cyberarena,cyberarena
kaif,kaif
gptguru,gptguru
metaversekombat,metaversekombat
cogitoprotocol,cogitoprotocol
theqwan,theqwan
eldarune,eldarune
bwarelabs,bwarelabs
orbofi,orbofi
pikaprotocol,pikaprotocol
wistaverse,wistaverse
bladedao,bladedao
tenet,tenet
theunfettered,theunfettered
turbosfinance,turbosfinance
wefi,wefi
limewire,limewire
fitburn,fitburn
finblox,finblox
arbipad,arbipad
suipad,suipad
hypercycle,hypercycle
radiantcapital,radiantcapital
karatecombat,karatecombat
litlabgames,litlabgames
coinzix,coinzix
naviern,naviern
bluesale,bluesale
opencampus,opencampus
hepton,hepton
gosleep,gosleep
playzap,playzap
crown,crown
yesports,yesports
reignofterror,reignofterror
realitymetaverse,realitymetaverse
delysium,delysium
moovy,moovy
kryptai,kryptai
pomerium,pomerium
chaingpt,chaingpt
gloryfinance,gloryfinance
arkenfinance,arkenfinance
stellafantasy,stellafantasy
wifimap,wifimap
coniun,coniun
alaskagoldrush,alaskagoldrush
arttnetwork,arttnetwork
nuritopia,nuritopia
mintlayer,mintlayer
ovonftplatform,ovonftplatform
spaceid,spaceid
minima,minima
neocortexai,neocortexai
interactwith,interactwith
honeyland,honeyland
opipets,opipets
dangelfund,dangelfund
degenzoo,degenzoo
rejuveai,rejuveai
staika,staika
podfast,podfast
youropenmetaverse,youropenmetaverse
g4al,g4al
exorde,exorde
mizar,mizar
dsync,dsync
cryptogpt,cryptogpt
shelterz,shelterz
halo,halo
parmafantoken,parmafantoken
mantanetworkcrowdloan,mantanetworkcrowdloan
angelblock,angelblock
blackstallion,blackstallion
beldex,beldex
deepwaters,deepwaters
carbon,carbon
tatsumeeko,tatsumeeko
iguverse,iguverse
honeywood,honeywood
ikonic,ikonic
pine,pine
nft3,nft3
rewater,rewater
calvaria,calvaria
carrieverse,carrieverse
unofarm,unofarm
bitmex,bitmex
ozonemetaverse,ozonemetaverse
typeit,typeit
egopaysenger,egopaysenger
goracle,goracle
bidshop,bidshop
tectum,tectum
ethlas,ethlas
archway,archway
polygame,polygame
neon,neon
warlegends,warlegends
otterhome,otterhome
hypergpt,hypergpt
cyberarena,cyberarena
kaif,kaif
gptguru,gptguru
metaversekombat,metaversekombat
cogitoprotocol,cogitoprotocol
theqwan,theqwan
eldarune,eldarune
bwarelabs,bwarelabs
orbofi,orbofi
pikaprotocol,pikaprotocol
wistaverse,wistaverse
cyberconnect,cyberconnect
bladedao,bladedao
tenet,tenet
theunfettered,theunfettered
turbosfinance,turbosfinance
wefi,wefi
limewire,limewire
fitburn,fitburn
finblox,finblox
arbipad,arbipad
suipad,suipad
hypercycle,hypercycle
radiantcapital,radiantcapital
karatecombat,karatecombat
litlabgames,litlabgames
sui,sui
coinzix,coinzix
republicnote,republicnote
naviern,naviern
bluesale,bluesale
opencampus,opencampus
hepton,hepton
gosleep,gosleep
playzap,playzap
crown,crown
yesports,yesports
reignofterror,reignofterror
realitymetaverse,realitymetaverse
delysium,delysium
moovy,moovy
kryptai,kryptai
pomerium,pomerium
chaingpt,chaingpt
gloryfinance,gloryfinance
arkenfinance,arkenfinance
stellafantasy,stellafantasy
wifimap,wifimap
coniun,coniun
alaskagoldrush,alaskagoldrush
arttnetwork,arttnetwork
nuritopia,nuritopia
arbitrum,arbitrum
mintlayer,mintlayer
ovonftplatform,ovonftplatform
spaceid,spaceid
minima,minima
neocortexai,neocortexai
interactwith,interactwith
honeyland,honeyland
opipets,opipets
dangelfund,dangelfund
degenzoo,degenzoo
rejuveai,rejuveai
staika,staika
podfast,podfast
youropenmetaverse,youropenmetaverse
g4al,g4al
exorde,exorde
mizar,mizar
dsync,dsync
cryptogpt,cryptogpt
shelterz,shelterz
halo,halo
parmafantoken,parmafantoken
mantanetworkcrowdloan,mantanetworkcrowdloan
angelblock,angelblock
ironfish,ironfish
blackstallion,blackstallion
beldex,beldex
deepwaters,deepwaters
carbon,carbon
tatsumeeko,tatsumeeko
iguverse,iguverse
honeywood,honeywood
ikonic,ikonic
pine,pine
neon,neon
cyberconnect,cyberconnect
sui,sui
republicnote,republicnote
arbitrum,arbitrum
ironfish,ironfish
eco,eco
aptos,aptos
projectgalaxy,projectgalaxy
cowswap,cowswap
axelar,axelar
staderlabs,staderlabs
nym,nym
meritcircle,meritcircle
colony,colony
starlyio,starlyio
goldfinchfinance,goldfinchfinance
agoric,agoric
pstake,pstake
gearboxprotocol,gearboxprotocol
benqi,benqi
voxiestactics,voxiestactics
lumerin,lumerin
umee,umee
guildfi,guildfi
biconomy,biconomy
minesofdalarnia,minesofdalarnia
monox,monox
aurora,aurora
guildofguardians,guildofguardians
cerenetwork,cerenetwork
ardana,ardana
swash,swash
clearpool,clearpool
aurory,aurory
godsunchained,godsunchained
blocto,blocto
divergence,divergence
handlefi,handlefi
braintrust,braintrust
gelato,gelato
immutablex,immutablex
acalanetwork,acalanetwork
staratlas,staratlas
openswap,openswap
bitdao,bitdao
lithium,lithium
qredo,qredo
efinity,efinity
vegaprotocol,vegaprotocol
centrifuge,centrifuge
oilernetwork,oilernetwork
clv,clv
minaprotocol,minaprotocol
casper,casper
feiprotocol,feiprotocol
tidalfinance,tidalfinance
convergence,convergence
konominetwork,konominetwork
kine,kine
radicle,radicle
hopr,hopr
sifchainfinance,sifchainfinance
hydradx,hydradx
razornetwork,razornetwork
stegos,stegos
api3,api3
oasislabs,oasislabs
certik,certik
marlin,marlin
thegraph,thegraph
radixdlt,radixdlt
injectiveprotocol,injectiveprotocol
wing,wing
unilend,unilend
bellaprotocol,bellaprotocol
flow,flow
nucypher,nucypher
flamingofinance,flamingofinance
linearfinance,linearfinance
frontier,frontier
perpetualprotocol,perpetualprotocol
stafi,stafi
skalenetwork,skalenetwork
oinfinance,oinfinance
nearprotocol,nearprotocol
celo,celo
just,just
uma,uma
xdai,xdai
cartesi,cartesi
elixxir,elixxir
bandprotocol,bandprotocol
blockstack,blockstack
perlin,perlin
ultralpha,ultralpha
wink,wink
ultra,ultra
elrondnetwork,elrondnetwork
ampleforth,ampleforth
ozonemetaverse,ozonemetaverse
typeit,typeit
egopaysenger,egopaysenger
goracle,goracle
bidshop,bidshop
tectum,tectum
ethlas,ethlas
archway,archway
polygame,polygame
warlegends,warlegends
otterhome,otterhome
hypergpt,hypergpt
cyberarena,cyberarena
kaif,kaif
gptguru,gptguru
metaversekombat,metaversekombat
cogitoprotocol,cogitoprotocol
theqwan,theqwan
eldarune,eldarune
bwarelabs,bwarelabs
orbofi,orbofi
pikaprotocol,pikaprotocol
wistaverse,wistaverse
bladedao,bladedao
tenet,tenet
theunfettered,theunfettered
turbosfinance,turbosfinance
wefi,wefi
limewire,limewire
fitburn,fitburn
finblox,finblox
arbipad,arbipad
suipad,suipad
hypercycle,hypercycle
radiantcapital,radiantcapital
karatecombat,karatecombat
litlabgames,litlabgames
coinzix,coinzix
naviern,naviern
bluesale,bluesale
opencampus,opencampus
hepton,hepton
gosleep,gosleep
playzap,playzap
crown,crown
yesports,yesports
reignofterror,reignofterror
realitymetaverse,realitymetaverse
delysium,delysium
moovy,moovy
kryptai,kryptai
pomerium,pomerium
chaingpt,chaingpt
gloryfinance,gloryfinance
arkenfinance,arkenfinance
stellafantasy,stellafantasy
wifimap,wifimap
coniun,coniun
alaskagoldrush,alaskagoldrush
arttnetwork,arttnetwork
nuritopia,nuritopia
mintlayer,mintlayer
ovonftplatform,ovonftplatform
spaceid,spaceid
minima,minima
neocortexai,neocortexai
interactwith,interactwith
honeyland,honeyland
opipets,opipets
dangelfund,dangelfund
degenzoo,degenzoo
rejuveai,rejuveai
staika,staika
podfast,podfast
youropenmetaverse,youropenmetaverse
g4al,g4al
exorde,exorde
mizar,mizar
dsync,dsync
cryptogpt,cryptogpt
shelterz,shelterz
halo,halo
parmafantoken,parmafantoken
mantanetworkcrowdloan,mantanetworkcrowdloan
angelblock,angelblock
blackstallion,blackstallion
beldex,beldex
deepwaters,deepwaters
carbon,carbon
tatsumeeko,tatsumeeko
iguverse,iguverse
honeywood,honeywood
ikonic,ikonic
pine,pine
nft3,nft3
rewater,rewater
calvaria,calvaria
carrieverse,carrieverse
unofarm,unofarm
bitmex,bitmex
ozonemetaverse,ozonemetaverse
typeit,typeit
egopaysenger,egopaysenger
goracle,goracle
bidshop,bidshop
tectum,tectum
ethlas,ethlas
archway,archway
polygame,polygame
neon,neon
warlegends,warlegends
otterhome,otterhome
hypergpt,hypergpt
cyberarena,cyberarena
kaif,kaif
gptguru,gptguru
metaversekombat,metaversekombat
cogitoprotocol,cogitoprotocol
theqwan,theqwan
eldarune,eldarune
bwarelabs,bwarelabs
orbofi,orbofi
pikaprotocol,pikaprotocol
wistaverse,wistaverse
cyberconnect,cyberconnect
bladedao,bladedao
tenet,tenet
theunfettered,theunfettered
turbosfinance,turbosfinance
wefi,wefi
limewire,limewire
fitburn,fitburn
finblox,finblox
arbipad,arbipad
suipad,suipad
hypercycle,hypercycle
radiantcapital,radiantcapital
karatecombat,karatecombat
litlabgames,litlabgames
sui,sui
coinzix,coinzix
republicnote,republicnote
naviern,naviern
bluesale,bluesale
opencampus,opencampus
hepton,hepton
gosleep,gosleep
playzap,playzap
crown,crown
yesports,yesports
reignofterror,reignofterror
realitymetaverse,realitymetaverse
delysium,delysium
moovy,moovy
kryptai,kryptai
pomerium,pomerium
chaingpt,chaingpt
gloryfinance,gloryfinance
arkenfinance,arkenfinance
stellafantasy,stellafantasy
wifimap,wifimap
coniun,coniun
alaskagoldrush,alaskagoldrush
arttnetwork,arttnetwork
nuritopia,nuritopia
arbitrum,arbitrum
mintlayer,mintlayer
ovonftplatform,ovonftplatform
spaceid,spaceid
minima,minima
neocortexai,neocortexai
interactwith,interactwith
honeyland,honeyland
opipets,opipets
dangelfund,dangelfund
degenzoo,degenzoo
rejuveai,rejuveai
staika,staika
podfast,podfast
youropenmetaverse,youropenmetaverse
g4al,g4al
exorde,exorde
mizar,mizar
dsync,dsync
cryptogpt,cryptogpt
shelterz,shelterz
halo,halo
parmafantoken,parmafantoken
mantanetworkcrowdloan,mantanetworkcrowdloan
angelblock,angelblock
ironfish,ironfish
blackstallion,blackstallion
beldex,beldex
deepwaters,deepwaters
carbon,carbon
tatsumeeko,tatsumeeko
iguverse,iguverse
honeywood,honeywood
ikonic,ikonic
pine,pine
neon,neon
cyberconnect,cyberconnect
sui,sui
republicnote,republicnote
arbitrum,arbitrum
ironfish,ironfish
eco,eco
aptos,aptos
projectgalaxy,projectgalaxy
cowswap,cowswap
axelar,axelar
staderlabs,staderlabs
nym,nym
meritcircle,meritcircle
colony,colony
starlyio,starlyio
goldfinchfinance,goldfinchfinance
agoric,agoric
pstake,pstake
gearboxprotocol,gearboxprotocol
benqi,benqi
voxiestactics,voxiestactics
lumerin,lumerin
umee,umee
guildfi,guildfi
biconomy,biconomy
minesofdalarnia,minesofdalarnia
monox,monox
aurora,aurora
guildofguardians,guildofguardians
cerenetwork,cerenetwork
ardana,ardana
swash,swash
clearpool,clearpool
aurory,aurory
godsunchained,godsunchained
blocto,blocto
divergence,divergence
handlefi,handlefi
braintrust,braintrust
gelato,gelato
immutablex,immutablex
acalanetwork,acalanetwork
staratlas,staratlas
openswap,openswap
bitdao,bitdao
lithium,lithium
qredo,qredo
efinity,efinity
vegaprotocol,vegaprotocol
centrifuge,centrifuge
oilernetwork,oilernetwork
clv,clv
minaprotocol,minaprotocol
casper,casper
feiprotocol,feiprotocol
tidalfinance,tidalfinance
convergence,convergence
konominetwork,konominetwork
kine,kine
radicle,radicle
hopr,hopr
sifchainfinance,sifchainfinance
hydradx,hydradx
razornetwork,razornetwork
stegos,stegos
api3,api3
oasislabs,oasislabs
certik,certik
marlin,marlin
thegraph,thegraph
radixdlt,radixdlt
injectiveprotocol,injectiveprotocol
wing,wing
unilend,unilend
bellaprotocol,bellaprotocol
flow,flow
nucypher,nucypher
flamingofinance,flamingofinance
linearfinance,linearfinance
frontier,frontier
perpetualprotocol,perpetualprotocol
stafi,stafi
skalenetwork,skalenetwork
oinfinance,oinfinance
nearprotocol,nearprotocol
celo,celo
just,just
uma,uma
xdai,xdai
cartesi,cartesi
elixxir,elixxir
bandprotocol,bandprotocol
blockstack,blockstack
perlin,perlin
ultralpha,ultralpha
wink,wink
ultra,ultra
elrondnetwork,elrondnetwork
ampleforth,ampleforth
ozonemetaverse,ozonemetaverse
typeit,typeit
egopaysenger,egopaysenger
goracle,goracle
bidshop,bidshop
tectum,tectum
ethlas,ethlas
archway,archway
polygame,polygame
warlegends,warlegends
otterhome,otterhome
hypergpt,hypergpt
cyberarena,cyberarena
kaif,kaif
gptguru,gptguru
metaversekombat,metaversekombat
cogitoprotocol,cogitoprotocol
theqwan,theqwan
eldarune,eldarune
bwarelabs,bwarelabs
orbofi,orbofi
pikaprotocol,pikaprotocol
wistaverse,wistaverse
bladedao,bladedao
tenet,tenet
theunfettered,theunfettered
turbosfinance,turbosfinance
wefi,wefi
limewire,limewire
fitburn,fitburn
finblox,finblox
arbipad,arbipad
suipad,suipad
hypercycle,hypercycle
radiantcapital,radiantcapital
karatecombat,karatecombat
litlabgames,litlabgames
coinzix,coinzix
naviern,naviern
bluesale,bluesale
opencampus,opencampus
hepton,hepton
gosleep,gosleep
playzap,playzap
crown,crown
yesports,yesports
reignofterror,reignofterror
realitymetaverse,realitymetaverse
delysium,delysium
moovy,moovy
kryptai,kryptai
pomerium,pomerium
chaingpt,chaingpt
gloryfinance,gloryfinance
arkenfinance,arkenfinance
stellafantasy,stellafantasy
wifimap,wifimap
coniun,coniun
alaskagoldrush,alaskagoldrush
arttnetwork,arttnetwork
nuritopia,nuritopia
mintlayer,mintlayer
ovonftplatform,ovonftplatform
spaceid,spaceid
minima,minima
neocortexai,neocortexai
interactwith,interactwith
honeyland,honeyland
opipets,opipets
dangelfund,dangelfund
degenzoo,degenzoo
rejuveai,rejuveai
staika,staika
podfast,podfast
youropenmetaverse,youropenmetaverse
g4al,g4al
exorde,exorde
mizar,mizar
dsync,dsync
cryptogpt,cryptogpt
shelterz,shelterz
halo,halo
parmafantoken,parmafantoken
mantanetworkcrowdloan,mantanetworkcrowdloan
angelblock,angelblock
blackstallion,blackstallion
beldex,beldex
deepwaters,deepwaters
carbon,carbon
tatsumeeko,tatsumeeko
iguverse,iguverse
honeywood,honeywood
ikonic,ikonic
pine,pine
nft3,nft3
rewater,rewater
calvaria,calvaria
carrieverse,carrieverse
unofarm,unofarm
bitmex,bitmex
ozonemetaverse,ozonemetaverse
typeit,typeit
egopaysenger,egopaysenger
goracle,goracle
bidshop,bidshop
tectum,tectum
ethlas,ethlas
archway,archway
polygame,polygame
neon,neon
warlegends,warlegends
otterhome,otterhome
hypergpt,hypergpt
cyberarena,cyberarena
kaif,kaif
gptguru,gptguru
metaversekombat,metaversekombat
cogitoprotocol,cogitoprotocol
theqwan,theqwan
eldarune,eldarune
bwarelabs,bwarelabs
orbofi,orbofi
pikaprotocol,pikaprotocol
wistaverse,wistaverse
cyberconnect,cyberconnect
bladedao,bladedao
tenet,tenet
theunfettered,theunfettered
turbosfinance,turbosfinance
wefi,wefi
limewire,limewire
fitburn,fitburn
finblox,finblox
arbipad,arbipad
suipad,suipad
hypercycle,hypercycle
radiantcapital,radiantcapital
karatecombat,karatecombat
litlabgames,litlabgames
sui,sui
coinzix,coinzix
republicnote,republicnote
naviern,naviern
bluesale,bluesale
opencampus,opencampus
hepton,hepton
gosleep,gosleep
playzap,playzap
crown,crown
yesports,yesports
reignofterror,reignofterror
realitymetaverse,realitymetaverse
delysium,delysium
moovy,moovy
kryptai,kryptai
pomerium,pomerium
chaingpt,chaingpt
gloryfinance,gloryfinance
arkenfinance,arkenfinance
stellafantasy,stellafantasy
wifimap,wifimap
coniun,coniun
alaskagoldrush,alaskagoldrush
arttnetwork,arttnetwork
nuritopia,nuritopia
arbitrum,arbitrum
mintlayer,mintlayer
ovonftplatform,ovonftplatform
spaceid,spaceid
minima,minima
neocortexai,neocortexai
interactwith,interactwith
honeyland,honeyland
opipets,opipets
dangelfund,dangelfund
degenzoo,degenzoo
rejuveai,rejuveai
staika,staika
podfast,podfast
youropenmetaverse,youropenmetaverse
g4al,g4al
exorde,exorde
mizar,mizar
dsync,dsync
cryptogpt,cryptogpt
shelterz,shelterz
halo,halo
parmafantoken,parmafantoken
mantanetworkcrowdloan,mantanetworkcrowdloan
angelblock,angelblock
ironfish,ironfish
blackstallion,blackstallion
beldex,beldex
deepwaters,deepwaters
carbon,carbon
tatsumeeko,tatsumeeko
iguverse,iguverse
honeywood,honeywood
ikonic,ikonic
pine,pine
neon,neon
cyberconnect,cyberconnect
sui,sui
republicnote,republicnote
arbitrum,arbitrum
ironfish,ironfish
eco,eco
aptos,aptos
projectgalaxy,projectgalaxy
cowswap,cowswap
axelar,axelar
staderlabs,staderlabs
nym,nym
meritcircle,meritcircle
colony,colony
starlyio,starlyio
goldfinchfinance,goldfinchfinance
agoric,agoric
pstake,pstake
gearboxprotocol,gearboxprotocol
benqi,benqi
voxiestactics,voxiestactics
lumerin,lumerin
umee,umee
guildfi,guildfi
biconomy,biconomy
minesofdalarnia,minesofdalarnia
monox,monox
aurora,aurora
guildofguardians,guildofguardians
cerenetwork,cerenetwork
ardana,ardana
swash,swash
clearpool,clearpool
aurory,aurory
godsunchained,godsunchained
blocto,blocto
divergence,divergence
handlefi,handlefi
braintrust,braintrust
gelato,gelato
immutablex,immutablex
acalanetwork,acalanetwork
staratlas,staratlas
openswap,openswap
bitdao,bitdao
lithium,lithium
qredo,qredo
efinity,efinity
vegaprotocol,vegaprotocol
centrifuge,centrifuge
oilernetwork,oilernetwork
clv,clv
minaprotocol,minaprotocol
casper,casper
feiprotocol,feiprotocol
tidalfinance,tidalfinance
convergence,convergence
konominetwork,konominetwork
kine,kine
radicle,radicle
hopr,hopr
sifchainfinance,sifchainfinance
hydradx,hydradx
razornetwork,razornetwork
stegos,stegos
api3,api3
oasislabs,oasislabs
certik,certik
marlin,marlin
thegraph,thegraph
radixdlt,radixdlt
injectiveprotocol,injectiveprotocol
wing,wing
unilend,unilend
bellaprotocol,bellaprotocol
flow,flow
nucypher,nucypher
flamingofinance,flamingofinance
linearfinance,linearfinance
frontier,frontier
perpetualprotocol,perpetualprotocol
stafi,stafi
skalenetwork,skalenetwork
oinfinance,oinfinance
nearprotocol,nearprotocol
celo,celo
just,just
uma,uma
xdai,xdai
cartesi,cartesi
elixxir,elixxir
bandprotocol,bandprotocol
blockstack,blockstack
perlin,perlin
ultralpha,ultralpha
wink,wink
ultra,ultra
elrondnetwork,elrondnetwork
ampleforth,ampleforth
ozonemetaverse,ozonemetaverse
typeit,typeit
egopaysenger,egopaysenger
goracle,goracle
bidshop,bidshop
tectum,tectum
ethlas,ethlas
archway,archway
polygame,polygame
warlegends,warlegends
otterhome,otterhome
hypergpt,hypergpt
cyberarena,cyberarena
kaif,kaif
gptguru,gptguru
metaversekombat,metaversekombat
cogitoprotocol,cogitoprotocol
theqwan,theqwan
eldarune,eldarune
bwarelabs,bwarelabs
orbofi,orbofi
pikaprotocol,pikaprotocol
wistaverse,wistaverse
bladedao,bladedao
tenet,tenet
theunfettered,theunfettered
turbosfinance,turbosfinance
wefi,wefi
limewire,limewire
fitburn,fitburn
finblox,finblox
arbipad,arbipad
suipad,suipad
hypercycle,hypercycle
radiantcapital,radiantcapital
karatecombat,karatecombat
litlabgames,litlabgames
coinzix,coinzix
naviern,naviern
bluesale,bluesale
opencampus,opencampus
hepton,hepton
gosleep,gosleep
playzap,playzap
crown,crown
yesports,yesports
reignofterror,reignofterror
realitymetaverse,realitymetaverse
delysium,delysium
moovy,moovy
kryptai,kryptai
pomerium,pomerium
chaingpt,chaingpt
gloryfinance,gloryfinance
arkenfinance,arkenfinance
stellafantasy,stellafantasy
wifimap,wifimap
coniun,coniun
alaskagoldrush,alaskagoldrush
arttnetwork,arttnetwork
nuritopia,nuritopia
mintlayer,mintlayer
ovonftplatform,ovonftplatform
spaceid,spaceid
minima,minima
neocortexai,neocortexai
interactwith,interactwith
honeyland,honeyland
opipets,opipets
dangelfund,dangelfund
degenzoo,degenzoo
rejuveai,rejuveai
staika,staika
podfast,podfast
youropenmetaverse,youropenmetaverse
g4al,g4al
exorde,exorde
mizar,mizar
dsync,dsync
cryptogpt,cryptogpt
shelterz,shelterz
halo,halo
parmafantoken,parmafantoken
mantanetworkcrowdloan,mantanetworkcrowdloan
angelblock,angelblock
blackstallion,blackstallion
beldex,beldex
deepwaters,deepwaters
carbon,carbon
tatsumeeko,tatsumeeko
iguverse,iguverse
honeywood,honeywood
ikonic,ikonic
pine,pine
nft3,nft3
rewater,rewater
calvaria,calvaria
carrieverse,carrieverse
unofarm,unofarm
bitmex,bitmex
ozonemetaverse,ozonemetaverse
typeit,typeit
egopaysenger,egopaysenger
goracle,goracle
bidshop,bidshop
tectum,tectum
ethlas,ethlas
archway,archway
polygame,polygame
neon,neon
warlegends,warlegends
otterhome,otterhome
hypergpt,hypergpt
cyberarena,cyberarena
kaif,kaif
gptguru,gptguru
metaversekombat,metaversekombat
cogitoprotocol,cogitoprotocol
theqwan,theqwan
eldarune,eldarune
bwarelabs,bwarelabs
orbofi,orbofi
pikaprotocol,pikaprotocol
wistaverse,wistaverse
cyberconnect,cyberconnect
bladedao,bladedao
tenet,tenet
theunfettered,theunfettered
turbosfinance,turbosfinance
wefi,wefi
limewire,limewire
fitburn,fitburn
finblox,finblox
arbipad,arbipad
suipad,suipad
hypercycle,hypercycle
radiantcapital,radiantcapital
karatecombat,karatecombat
litlabgames,litlabgames
sui,sui
coinzix,coinzix
republicnote,republicnote
naviern,naviern
bluesale,bluesale
opencampus,opencampus
hepton,hepton
gosleep,gosleep
playzap,playzap
crown,crown
yesports,yesports
reignofterror,reignofterror
realitymetaverse,realitymetaverse
delysium,delysium
moovy,moovy
kryptai,kryptai
pomerium,pomerium
chaingpt,chaingpt
gloryfinance,gloryfinance
arkenfinance,arkenfinance
stellafantasy,stellafantasy
wifimap,wifimap
coniun,coniun
alaskagoldrush,alaskagoldrush
arttnetwork,arttnetwork
nuritopia,nuritopia
arbitrum,arbitrum
mintlayer,mintlayer
ovonftplatform,ovonftplatform
spaceid,spaceid
minima,minima
neocortexai,neocortexai
interactwith,interactwith
honeyland,honeyland
opipets,opipets
dangelfund,dangelfund
degenzoo,degenzoo
rejuveai,rejuveai
staika,staika
podfast,podfast
youropenmetaverse,youropenmetaverse
g4al,g4al
exorde,exorde
mizar,mizar
dsync,dsync
cryptogpt,cryptogpt
shelterz,shelterz
halo,halo
parmafantoken,parmafantoken
mantanetworkcrowdloan,mantanetworkcrowdloan
angelblock,angelblock
ironfish,ironfish
blackstallion,blackstallion
beldex,beldex
deepwaters,deepwaters
carbon,carbon
tatsumeeko,tatsumeeko
iguverse,iguverse
honeywood,honeywood
ikonic,ikonic
pine,pine
neon,neon
cyberconnect,cyberconnect
sui,sui
republicnote,republicnote
arbitrum,arbitrum
ironfish,ironfish
eco,eco
aptos,aptos
projectgalaxy,projectgalaxy
cowswap,cowswap
axelar,axelar
staderlabs,staderlabs
nym,nym
meritcircle,meritcircle
colony,colony
starlyio,starlyio
goldfinchfinance,goldfinchfinance
agoric,agoric
pstake,pstake
gearboxprotocol,gearboxprotocol
benqi,benqi
voxiestactics,voxiestactics
lumerin,lumerin
umee,umee
guildfi,guildfi
biconomy,biconomy
minesofdalarnia,minesofdalarnia
monox,monox
aurora,aurora
guildofguardians,guildofguardians
cerenetwork,cerenetwork
ardana,ardana
swash,swash
clearpool,clearpool
aurory,aurory
godsunchained,godsunchained
blocto,blocto
divergence,divergence
handlefi,handlefi
braintrust,braintrust
gelato,gelato
immutablex,immutablex
acalanetwork,acalanetwork
staratlas,staratlas
openswap,openswap
bitdao,bitdao
lithium,lithium
qredo,qredo
efinity,efinity
vegaprotocol,vegaprotocol
centrifuge,centrifuge
oilernetwork,oilernetwork
clv,clv
minaprotocol,minaprotocol
casper,casper
feiprotocol,feiprotocol
tidalfinance,tidalfinance
convergence,convergence
konominetwork,konominetwork
kine,kine
radicle,radicle
hopr,hopr
sifchainfinance,sifchainfinance
hydradx,hydradx
razornetwork,razornetwork
stegos,stegos
api3,api3
oasislabs,oasislabs
certik,certik
marlin,marlin
thegraph,thegraph
radixdlt,radixdlt
injectiveprotocol,injectiveprotocol
wing,wing
unilend,unilend
bellaprotocol,bellaprotocol
flow,flow
nucypher,nucypher
flamingofinance,flamingofinance
linearfinance,linearfinance
frontier,frontier
perpetualprotocol,perpetualprotocol
stafi,stafi
skalenetwork,skalenetwork
oinfinance,oinfinance
nearprotocol,nearprotocol
celo,celo
just,just
uma,uma
xdai,xdai
cartesi,cartesi
elixxir,elixxir
bandprotocol,bandprotocol
blockstack,blockstack
perlin,perlin
ultralpha,ultralpha
wink,wink
ultra,ultra
elrondnetwork,elrondnetwork
ampleforth,ampleforth
ozonemetaverse,ozonemetaverse
typeit,typeit
egopaysenger,egopaysenger
goracle,goracle
bidshop,bidshop
tectum,tectum
ethlas,ethlas
archway,archway
polygame,polygame
warlegends,warlegends
otterhome,otterhome
hypergpt,hypergpt
cyberarena,cyberarena
kaif,kaif
gptguru,gptguru
metaversekombat,metaversekombat
cogitoprotocol,cogitoprotocol
theqwan,theqwan
eldarune,eldarune
bwarelabs,bwarelabs
orbofi,orbofi
pikaprotocol,pikaprotocol
wistaverse,wistaverse
bladedao,bladedao
tenet,tenet
theunfettered,theunfettered
turbosfinance,turbosfinance
wefi,wefi
limewire,limewire
fitburn,fitburn
finblox,finblox
arbipad,arbipad
suipad,suipad
hypercycle,hypercycle
radiantcapital,radiantcapital
karatecombat,karatecombat
litlabgames,litlabgames
coinzix,coinzix
naviern,naviern
bluesale,bluesale
opencampus,opencampus
hepton,hepton
gosleep,gosleep
playzap,playzap
crown,crown
yesports,yesports
reignofterror,reignofterror
realitymetaverse,realitymetaverse
delysium,delysium
moovy,moovy
kryptai,kryptai
pomerium,pomerium
chaingpt,chaingpt
gloryfinance,gloryfinance
arkenfinance,arkenfinance
stellafantasy,stellafantasy
wifimap,wifimap
coniun,coniun
alaskagoldrush,alaskagoldrush
arttnetwork,arttnetwork
nuritopia,nuritopia
mintlayer,mintlayer
ovonftplatform,ovonftplatform
spaceid,spaceid
minima,minima
neocortexai,neocortexai
interactwith,interactwith
honeyland,honeyland
opipets,opipets
dangelfund,dangelfund
degenzoo,degenzoo
rejuveai,rejuveai
staika,staika
podfast,podfast
youropenmetaverse,youropenmetaverse
g4al,g4al
exorde,exorde
mizar,mizar
dsync,dsync
cryptogpt,cryptogpt
shelterz,shelterz
halo,halo
parmafantoken,parmafantoken
mantanetworkcrowdloan,mantanetworkcrowdloan
angelblock,angelblock
blackstallion,blackstallion
beldex,beldex
deepwaters,deepwaters
carbon,carbon
tatsumeeko,tatsumeeko
iguverse,iguverse
honeywood,honeywood
ikonic,ikonic
pine,pine
nft3,nft3
rewater,rewater
calvaria,calvaria
carrieverse,carrieverse
unofarm,unofarm
bitmex,bitmex
ozonemetaverse,ozonemetaverse
typeit,typeit
egopaysenger,egopaysenger
goracle,goracle
bidshop,bidshop
tectum,tectum
ethlas,ethlas
archway,archway
polygame,polygame
neon,neon
warlegends,warlegends
otterhome,otterhome
hypergpt,hypergpt
cyberarena,cyberarena
kaif,kaif
gptguru,gptguru
metaversekombat,metaversekombat
cogitoprotocol,cogitoprotocol
theqwan,theqwan
eldarune,eldarune
bwarelabs,bwarelabs
orbofi,orbofi
pikaprotocol,pikaprotocol
wistaverse,wistaverse
cyberconnect,cyberconnect
bladedao,bladedao
tenet,tenet
theunfettered,theunfettered
turbosfinance,turbosfinance
wefi,wefi
limewire,limewire
fitburn,fitburn
finblox,finblox
arbipad,arbipad
suipad,suipad
hypercycle,hypercycle
radiantcapital,radiantcapital
karatecombat,karatecombat
litlabgames,litlabgames
sui,sui
coinzix,coinzix
republicnote,republicnote
naviern,naviern
bluesale,bluesale
opencampus,opencampus
hepton,hepton
gosleep,gosleep
playzap,playzap
crown,crown
yesports,yesports
reignofterror,reignofterror
realitymetaverse,realitymetaverse
delysium,delysium
moovy,moovy
kryptai,kryptai
pomerium,pomerium
chaingpt,chaingpt
gloryfinance,gloryfinance
arkenfinance,arkenfinance
stellafantasy,stellafantasy
wifimap,wifimap
coniun,coniun
alaskagoldrush,alaskagoldrush
arttnetwork,arttnetwork
nuritopia,nuritopia
arbitrum,arbitrum
mintlayer,mintlayer
ovonftplatform,ovonftplatform
spaceid,spaceid
minima,minima
neocortexai,neocortexai
interactwith,interactwith
honeyland,honeyland
opipets,opipets
dangelfund,dangelfund
degenzoo,degenzoo
rejuveai,rejuveai
staika,staika
podfast,podfast
youropenmetaverse,youropenmetaverse
g4al,g4al
exorde,exorde
mizar,mizar
dsync,dsync
cryptogpt,cryptogpt
shelterz,shelterz
halo,halo
parmafantoken,parmafantoken
mantanetworkcrowdloan,mantanetworkcrowdloan
angelblock,angelblock
ironfish,ironfish
blackstallion,blackstallion
beldex,beldex
deepwaters,deepwaters
carbon,carbon
tatsumeeko,tatsumeeko
iguverse,iguverse
honeywood,honeywood
ikonic,ikonic
pine,pine
neon,neon
cyberconnect,cyberconnect
sui,sui
republicnote,republicnote
arbitrum,arbitrum
ironfish,ironfish
eco,eco
aptos,aptos
projectgalaxy,projectgalaxy
cowswap,cowswap
axelar,axelar
staderlabs,staderlabs
nym,nym
meritcircle,meritcircle
colony,colony
starlyio,starlyio
goldfinchfinance,goldfinchfinance
agoric,agoric
pstake,pstake
gearboxprotocol,gearboxprotocol
benqi,benqi
voxiestactics,voxiestactics
lumerin,lumerin
umee,umee
guildfi,guildfi
biconomy,biconomy
minesofdalarnia,minesofdalarnia
monox,monox
aurora,aurora
guildofguardians,guildofguardians
cerenetwork,cerenetwork
ardana,ardana
swash,swash
clearpool,clearpool
aurory,aurory
godsunchained,godsunchained
blocto,blocto
divergence,divergence
handlefi,handlefi
braintrust,braintrust
gelato,gelato
immutablex,immutablex
acalanetwork,acalanetwork
staratlas,staratlas
openswap,openswap
bitdao,bitdao
lithium,lithium
qredo,qredo
efinity,efinity
vegaprotocol,vegaprotocol
centrifuge,centrifuge
oilernetwork,oilernetwork
clv,clv
minaprotocol,minaprotocol
casper,casper
feiprotocol,feiprotocol
tidalfinance,tidalfinance
convergence,convergence
konominetwork,konominetwork
kine,kine
radicle,radicle
hopr,hopr
sifchainfinance,sifchainfinance
hydradx,hydradx
razornetwork,razornetwork
stegos,stegos
api3,api3
oasislabs,oasislabs
certik,certik
marlin,marlin
thegraph,thegraph
radixdlt,radixdlt
injectiveprotocol,injectiveprotocol
wing,wing
unilend,unilend
bellaprotocol,bellaprotocol
flow,flow
nucypher,nucypher
flamingofinance,flamingofinance
linearfinance,linearfinance
frontier,frontier
perpetualprotocol,perpetualprotocol
stafi,stafi
skalenetwork,skalenetwork
oinfinance,oinfinance
nearprotocol,nearprotocol
celo,celo
just,just
uma,uma
xdai,xdai
cartesi,cartesi
elixxir,elixxir
bandprotocol,bandprotocol
blockstack,blockstack
perlin,perlin
ultralpha,ultralpha
wink,wink
ultra,ultra
elrondnetwork,elrondnetwork
ampleforth,ampleforth
ozonemetaverse,ozonemetaverse
typeit,typeit
egopaysenger,egopaysenger
goracle,goracle
bidshop,bidshop
tectum,tectum
ethlas,ethlas
archway,archway
polygame,polygame
warlegends,warlegends
otterhome,otterhome
hypergpt,hypergpt
cyberarena,cyberarena
kaif,kaif
gptguru,gptguru
metaversekombat,metaversekombat
cogitoprotocol,cogitoprotocol
theqwan,theqwan
eldarune,eldarune
bwarelabs,bwarelabs
orbofi,orbofi
pikaprotocol,pikaprotocol
wistaverse,wistaverse
bladedao,bladedao
tenet,tenet
theunfettered,theunfettered
turbosfinance,turbosfinance
wefi,wefi
limewire,limewire
fitburn,fitburn
finblox,finblox
arbipad,arbipad
suipad,suipad
hypercycle,hypercycle
radiantcapital,radiantcapital
karatecombat,karatecombat
litlabgames,litlabgames
coinzix,coinzix
naviern,naviern
bluesale,bluesale
opencampus,opencampus
hepton,hepton
gosleep,gosleep
playzap,playzap
crown,crown
yesports,yesports
reignofterror,reignofterror
realitymetaverse,realitymetaverse
delysium,delysium
moovy,moovy
kryptai,kryptai
pomerium,pomerium
chaingpt,chaingpt
gloryfinance,gloryfinance
arkenfinance,arkenfinance
stellafantasy,stellafantasy
wifimap,wifimap
coniun,coniun
alaskagoldrush,alaskagoldrush
arttnetwork,arttnetwork
nuritopia,nuritopia
mintlayer,mintlayer
ovonftplatform,ovonftplatform
spaceid,spaceid
minima,minima
neocortexai,neocortexai
interactwith,interactwith
honeyland,honeyland
opipets,opipets
dangelfund,dangelfund
degenzoo,degenzoo
rejuveai,rejuveai
staika,staika
podfast,podfast
youropenmetaverse,youropenmetaverse
g4al,g4al
exorde,exorde
mizar,mizar
dsync,dsync
cryptogpt,cryptogpt
shelterz,shelterz
halo,halo
parmafantoken,parmafantoken
mantanetworkcrowdloan,mantanetworkcrowdloan
angelblock,angelblock
blackstallion,blackstallion
beldex,beldex
deepwaters,deepwaters
carbon,carbon
tatsumeeko,tatsumeeko
iguverse,iguverse
honeywood,honeywood
ikonic,ikonic
pine,pine
nft3,nft3
rewater,rewater
calvaria,calvaria
carrieverse,carrieverse
unofarm,unofarm
bitmex,bitmex
ozonemetaverse,ozonemetaverse
typeit,typeit
egopaysenger,egopaysenger
goracle,goracle
bidshop,bidshop
tectum,tectum
ethlas,ethlas
archway,archway
polygame,polygame
neon,neon
warlegends,warlegends
otterhome,otterhome
hypergpt,hypergpt
cyberarena,cyberarena
kaif,kaif
gptguru,gptguru
metaversekombat,metaversekombat
cogitoprotocol,cogitoprotocol
theqwan,theqwan
eldarune,eldarune
bwarelabs,bwarelabs
orbofi,orbofi
pikaprotocol,pikaprotocol
wistaverse,wistaverse
cyberconnect,cyberconnect
bladedao,bladedao
tenet,tenet
theunfettered,theunfettered
turbosfinance,turbosfinance
wefi,wefi
limewire,limewire
fitburn,fitburn
finblox,finblox
arbipad,arbipad
suipad,suipad
hypercycle,hypercycle
radiantcapital,radiantcapital
karatecombat,karatecombat
litlabgames,litlabgames
sui,sui
coinzix,coinzix
republicnote,republicnote
naviern,naviern
bluesale,bluesale
opencampus,opencampus
hepton,hepton
gosleep,gosleep
playzap,playzap
crown,crown
yesports,yesports
reignofterror,reignofterror
realitymetaverse,realitymetaverse
delysium,delysium
moovy,moovy
kryptai,kryptai
pomerium,pomerium
chaingpt,chaingpt
gloryfinance,gloryfinance
arkenfinance,arkenfinance
stellafantasy,stellafantasy
wifimap,wifimap
coniun,coniun
alaskagoldrush,alaskagoldrush
arttnetwork,arttnetwork
nuritopia,nuritopia
arbitrum,arbitrum
mintlayer,mintlayer
ovonftplatform,ovonftplatform
spaceid,spaceid
minima,minima
neocortexai,neocortexai
interactwith,interactwith
honeyland,honeyland
opipets,opipets
dangelfund,dangelfund
degenzoo,degenzoo
rejuveai,rejuveai
staika,staika
podfast,podfast
youropenmetaverse,youropenmetaverse
g4al,g4al
exorde,exorde
mizar,mizar
dsync,dsync
cryptogpt,cryptogpt
shelterz,shelterz
halo,halo
parmafantoken,parmafantoken
mantanetworkcrowdloan,mantanetworkcrowdloan
angelblock,angelblock
ironfish,ironfish
blackstallion,blackstallion
beldex,beldex
deepwaters,deepwaters
carbon,carbon
tatsumeeko,tatsumeeko
iguverse,iguverse
honeywood,honeywood
ikonic,ikonic
pine,pine
neon,neon
cyberconnect,cyberconnect
sui,sui
republicnote,republicnote
arbitrum,arbitrum
ironfish,ironfish
eco,eco
aptos,aptos
projectgalaxy,projectgalaxy
cowswap,cowswap
axelar,axelar
staderlabs,staderlabs
nym,nym
meritcircle,meritcircle
colony,colony
starlyio,starlyio
goldfinchfinance,goldfinchfinance
agoric,agoric
pstake,pstake
gearboxprotocol,gearboxprotocol
benqi,benqi
voxiestactics,voxiestactics
lumerin,lumerin
umee,umee
guildfi,guildfi
biconomy,biconomy
minesofdalarnia,minesofdalarnia
monox,monox
aurora,aurora
guildofguardians,guildofguardians
cerenetwork,cerenetwork
ardana,ardana
swash,swash
clearpool,clearpool
aurory,aurory
godsunchained,godsunchained
blocto,blocto
divergence,divergence
handlefi,handlefi
braintrust,braintrust
gelato,gelato
immutablex,immutablex
acalanetwork,acalanetwork
staratlas,staratlas
openswap,openswap
bitdao,bitdao
lithium,lithium
qredo,qredo
efinity,efinity
vegaprotocol,vegaprotocol
centrifuge,centrifuge
oilernetwork,oilernetwork
clv,clv
minaprotocol,minaprotocol
casper,casper
feiprotocol,feiprotocol
tidalfinance,tidalfinance
convergence,convergence
konominetwork,konominetwork
kine,kine
radicle,radicle
hopr,hopr
sifchainfinance,sifchainfinance
hydradx,hydradx
razornetwork,razornetwork
stegos,stegos
api3,api3
oasislabs,oasislabs
certik,certik
marlin,marlin
thegraph,thegraph
radixdlt,radixdlt
injectiveprotocol,injectiveprotocol
wing,wing
unilend,unilend
bellaprotocol,bellaprotocol
flow,flow
nucypher,nucypher
flamingofinance,flamingofinance
linearfinance,linearfinance
frontier,frontier
perpetualprotocol,perpetualprotocol
stafi,stafi
skalenetwork,skalenetwork
oinfinance,oinfinance
nearprotocol,nearprotocol
celo,celo
just,just
uma,uma
xdai,xdai
cartesi,cartesi
elixxir,elixxir
bandprotocol,bandprotocol
blockstack,blockstack
perlin,perlin
ultralpha,ultralpha
wink,wink
ultra,ultra
elrondnetwork,elrondnetwork
ampleforth,ampleforth
ozonemetaverse,ozonemetaverse
typeit,typeit
egopaysenger,egopaysenger
goracle,goracle
bidshop,bidshop
tectum,tectum
ethlas,ethlas
archway,archway
polygame,polygame
warlegends,warlegends
otterhome,otterhome
hypergpt,hypergpt
cyberarena,cyberarena
kaif,kaif
gptguru,gptguru
metaversekombat,metaversekombat
cogitoprotocol,cogitoprotocol
theqwan,theqwan
eldarune,eldarune
bwarelabs,bwarelabs
orbofi,orbofi
pikaprotocol,pikaprotocol
wistaverse,wistaverse
bladedao,bladedao
tenet,tenet
theunfettered,theunfettered
turbosfinance,turbosfinance
wefi,wefi
limewire,limewire
fitburn,fitburn
finblox,finblox
arbipad,arbipad
suipad,suipad
hypercycle,hypercycle
radiantcapital,radiantcapital
karatecombat,karatecombat
litlabgames,litlabgames
coinzix,coinzix
naviern,naviern
bluesale,bluesale
opencampus,opencampus
hepton,hepton
gosleep,gosleep
playzap,playzap
crown,crown
yesports,yesports
reignofterror,reignofterror
realitymetaverse,realitymetaverse
delysium,delysium
moovy,moovy
kryptai,kryptai
pomerium,pomerium
chaingpt,chaingpt
gloryfinance,gloryfinance
arkenfinance,arkenfinance
stellafantasy,stellafantasy
wifimap,wifimap
coniun,coniun
alaskagoldrush,alaskagoldrush
arttnetwork,arttnetwork
nuritopia,nuritopia
mintlayer,mintlayer
ovonftplatform,ovonftplatform
spaceid,spaceid
minima,minima
neocortexai,neocortexai
interactwith,interactwith
honeyland,honeyland
opipets,opipets
dangelfund,dangelfund
degenzoo,degenzoo
rejuveai,rejuveai
staika,staika
podfast,podfast
youropenmetaverse,youropenmetaverse
g4al,g4al
exorde,exorde
mizar,mizar
dsync,dsync
cryptogpt,cryptogpt
shelterz,shelterz
halo,halo
parmafantoken,parmafantoken
mantanetworkcrowdloan,mantanetworkcrowdloan
angelblock,angelblock
blackstallion,blackstallion
beldex,beldex
deepwaters,deepwaters
carbon,carbon
tatsumeeko,tatsumeeko
iguverse,iguverse
honeywood,honeywood
ikonic,ikonic
pine,pine
nft3,nft3
rewater,rewater
calvaria,calvaria
carrieverse,carrieverse
unofarm,unofarm
bitmex,bitmex
ozonemetaverse,ozonemetaverse
typeit,typeit
egopaysenger,egopaysenger
goracle,goracle
bidshop,bidshop
tectum,tectum
ethlas,ethlas
archway,archway
polygame,polygame
neon,neon
warlegends,warlegends
otterhome,otterhome
hypergpt,hypergpt
cyberarena,cyberarena
kaif,kaif
gptguru,gptguru
metaversekombat,metaversekombat
cogitoprotocol,cogitoprotocol
theqwan,theqwan
eldarune,eldarune
bwarelabs,bwarelabs
orbofi,orbofi
pikaprotocol,pikaprotocol
wistaverse,wistaverse
cyberconnect,cyberconnect
bladedao,bladedao
tenet,tenet
theunfettered,theunfettered
turbosfinance,turbosfinance
wefi,wefi
limewire,limewire
fitburn,fitburn
finblox,finblox
arbipad,arbipad
suipad,suipad
hypercycle,hypercycle
radiantcapital,radiantcapital
karatecombat,karatecombat
litlabgames,litlabgames
sui,sui
coinzix,coinzix
republicnote,republicnote
naviern,naviern
bluesale,bluesale
opencampus,opencampus
hepton,hepton
gosleep,gosleep
playzap,playzap
crown,crown
yesports,yesports
reignofterror,reignofterror
realitymetaverse,realitymetaverse
delysium,delysium
moovy,moovy
kryptai,kryptai
pomerium,pomerium
chaingpt,chaingpt
gloryfinance,gloryfinance
arkenfinance,arkenfinance
stellafantasy,stellafantasy
wifimap,wifimap
coniun,coniun
alaskagoldrush,alaskagoldrush
arttnetwork,arttnetwork
nuritopia,nuritopia
arbitrum,arbitrum
mintlayer,mintlayer
ovonftplatform,ovonftplatform
spaceid,spaceid
minima,minima
neocortexai,neocortexai
interactwith,interactwith
honeyland,honeyland
opipets,opipets
dangelfund,dangelfund
degenzoo,degenzoo
rejuveai,rejuveai
staika,staika
podfast,podfast
youropenmetaverse,youropenmetaverse
g4al,g4al
exorde,exorde
mizar,mizar
dsync,dsync
cryptogpt,cryptogpt
shelterz,shelterz
halo,halo
parmafantoken,parmafantoken
mantanetworkcrowdloan,mantanetworkcrowdloan
angelblock,angelblock
ironfish,ironfish
blackstallion,blackstallion
beldex,beldex
deepwaters,deepwaters
carbon,carbon
tatsumeeko,tatsumeeko
iguverse,iguverse
honeywood,honeywood
ikonic,ikonic
pine,pine
neon,neon
cyberconnect,cyberconnect
sui,sui
republicnote,republicnote
arbitrum,arbitrum
ironfish,ironfish
eco,eco
aptos,aptos
projectgalaxy,projectgalaxy
cowswap,cowswap
axelar,axelar
staderlabs,staderlabs
nym,nym
meritcircle,meritcircle
colony,colony
starlyio,starlyio
goldfinchfinance,goldfinchfinance
agoric,agoric
pstake,pstake
gearboxprotocol,gearboxprotocol
benqi,benqi
voxiestactics,voxiestactics
lumerin,lumerin
umee,umee
guildfi,guildfi
biconomy,biconomy
minesofdalarnia,minesofdalarnia
monox,monox
aurora,aurora
guildofguardians,guildofguardians
cerenetwork,cerenetwork
ardana,ardana
swash,swash
clearpool,clearpool
aurory,aurory
godsunchained,godsunchained
blocto,blocto
divergence,divergence
handlefi,handlefi
braintrust,braintrust
gelato,gelato
immutablex,immutablex
acalanetwork,acalanetwork
staratlas,staratlas
openswap,openswap
bitdao,bitdao
lithium,lithium
qredo,qredo
efinity,efinity
vegaprotocol,vegaprotocol
centrifuge,centrifuge
oilernetwork,oilernetwork
clv,clv
minaprotocol,minaprotocol
casper,casper
feiprotocol,feiprotocol
tidalfinance,tidalfinance
convergence,convergence
konominetwork,konominetwork
kine,kine
radicle,radicle
hopr,hopr
sifchainfinance,sifchainfinance
hydradx,hydradx
razornetwork,razornetwork
stegos,stegos
api3,api3
oasislabs,oasislabs
certik,certik
marlin,marlin
thegraph,thegraph
radixdlt,radixdlt
injectiveprotocol,injectiveprotocol
wing,wing
unilend,unilend
bellaprotocol,bellaprotocol
flow,flow
nucypher,nucypher
flamingofinance,flamingofinance
linearfinance,linearfinance
frontier,frontier
perpetualprotocol,perpetualprotocol
stafi,stafi
skalenetwork,skalenetwork
oinfinance,oinfinance
nearprotocol,nearprotocol
celo,celo
just,just
uma,uma
xdai,xdai
cartesi,cartesi
elixxir,elixxir
bandprotocol,bandprotocol
blockstack,blockstack
perlin,perlin
ultralpha,ultralpha
wink,wink
ultra,ultra
elrondnetwork,elrondnetwork
ampleforth,ampleforth
ozonemetaverse,ozonemetaverse
typeit,typeit
egopaysenger,egopaysenger
goracle,goracle
bidshop,bidshop
tectum,tectum
ethlas,ethlas
archway,archway
polygame,polygame
warlegends,warlegends
otterhome,otterhome
hypergpt,hypergpt
cyberarena,cyberarena
kaif,kaif
gptguru,gptguru
metaversekombat,metaversekombat
cogitoprotocol,cogitoprotocol
theqwan,theqwan
eldarune,eldarune
bwarelabs,bwarelabs
orbofi,orbofi
pikaprotocol,pikaprotocol
wistaverse,wistaverse
bladedao,bladedao
tenet,tenet
theunfettered,theunfettered
turbosfinance,turbosfinance
wefi,wefi
limewire,limewire
fitburn,fitburn
finblox,finblox
arbipad,arbipad
suipad,suipad
hypercycle,hypercycle
radiantcapital,radiantcapital
karatecombat,karatecombat
litlabgames,litlabgames
coinzix,coinzix
naviern,naviern
bluesale,bluesale
opencampus,opencampus
hepton,hepton
gosleep,gosleep
playzap,playzap
crown,crown
yesports,yesports
reignofterror,reignofterror
realitymetaverse,realitymetaverse
delysium,delysium
moovy,moovy
kryptai,kryptai
pomerium,pomerium
chaingpt,chaingpt
gloryfinance,gloryfinance
arkenfinance,arkenfinance
stellafantasy,stellafantasy
wifimap,wifimap
coniun,coniun
alaskagoldrush,alaskagoldrush
arttnetwork,arttnetwork
nuritopia,nuritopia
mintlayer,mintlayer
ovonftplatform,ovonftplatform
spaceid,spaceid
minima,minima
neocortexai,neocortexai
interactwith,interactwith
honeyland,honeyland
opipets,opipets
dangelfund,dangelfund
degenzoo,degenzoo
rejuveai,rejuveai
staika,staika
podfast,podfast
youropenmetaverse,youropenmetaverse
g4al,g4al
exorde,exorde
mizar,mizar
dsync,dsync
cryptogpt,cryptogpt
shelterz,shelterz
halo,halo
parmafantoken,parmafantoken
mantanetworkcrowdloan,mantanetworkcrowdloan
angelblock,angelblock
blackstallion,blackstallion
beldex,beldex
deepwaters,deepwaters
carbon,carbon
tatsumeeko,tatsumeeko
iguverse,iguverse
honeywood,honeywood
ikonic,ikonic
pine,pine
nft3,nft3
rewater,rewater
calvaria,calvaria
carrieverse,carrieverse
unofarm,unofarm
bitmex,bitmex
ozonemetaverse,ozonemetaverse
typeit,typeit
egopaysenger,egopaysenger
goracle,goracle
bidshop,bidshop
tectum,tectum
ethlas,ethlas
archway,archway
polygame,polygame
neon,neon
warlegends,warlegends
otterhome,otterhome
hypergpt,hypergpt
cyberarena,cyberarena
kaif,kaif
gptguru,gptguru
metaversekombat,metaversekombat
cogitoprotocol,cogitoprotocol
theqwan,theqwan
eldarune,eldarune
bwarelabs,bwarelabs
orbofi,orbofi
pikaprotocol,pikaprotocol
wistaverse,wistaverse
cyberconnect,cyberconnect
bladedao,bladedao
tenet,tenet
theunfettered,theunfettered
turbosfinance,turbosfinance
wefi,wefi
limewire,limewire
fitburn,fitburn
finblox,finblox
arbipad,arbipad
suipad,suipad
hypercycle,hypercycle
radiantcapital,radiantcapital
karatecombat,karatecombat
litlabgames,litlabgames
sui,sui
coinzix,coinzix
republicnote,republicnote
naviern,naviern
bluesale,bluesale
opencampus,opencampus
hepton,hepton
gosleep,gosleep
playzap,playzap
crown,crown
yesports,yesports
reignofterror,reignofterror
realitymetaverse,realitymetaverse
delysium,delysium
moovy,moovy
kryptai,kryptai
pomerium,pomerium
chaingpt,chaingpt
gloryfinance,gloryfinance
arkenfinance,arkenfinance
stellafantasy,stellafantasy
wifimap,wifimap
coniun,coniun
alaskagoldrush,alaskagoldrush
arttnetwork,arttnetwork
nuritopia,nuritopia
arbitrum,arbitrum
mintlayer,mintlayer
ovonftplatform,ovonftplatform
spaceid,spaceid
minima,minima
neocortexai,neocortexai
interactwith,interactwith
honeyland,honeyland
opipets,opipets
dangelfund,dangelfund
degenzoo,degenzoo
rejuveai,rejuveai
staika,staika
podfast,podfast
youropenmetaverse,youropenmetaverse
g4al,g4al
exorde,exorde
mizar,mizar
dsync,dsync
cryptogpt,cryptogpt
shelterz,shelterz
halo,halo
parmafantoken,parmafantoken
mantanetworkcrowdloan,mantanetworkcrowdloan
angelblock,angelblock
ironfish,ironfish
blackstallion,blackstallion
beldex,beldex
deepwaters,deepwaters
carbon,carbon
tatsumeeko,tatsumeeko
iguverse,iguverse
honeywood,honeywood
ikonic,ikonic
pine,pine
neon,neon
cyberconnect,cyberconnect
sui,sui
republicnote,republicnote
arbitrum,arbitrum
ironfish,ironfish
eco,eco
aptos,aptos
projectgalaxy,projectgalaxy
cowswap,cowswap
axelar,axelar
staderlabs,staderlabs
nym,nym
meritcircle,meritcircle
colony,colony
starlyio,starlyio
goldfinchfinance,goldfinchfinance
agoric,agoric
pstake,pstake
gearboxprotocol,gearboxprotocol
benqi,benqi
voxiestactics,voxiestactics
lumerin,lumerin
umee,umee
guildfi,guildfi
biconomy,biconomy
minesofdalarnia,minesofdalarnia
monox,monox
aurora,aurora
guildofguardians,guildofguardians
cerenetwork,cerenetwork
ardana,ardana
swash,swash
clearpool,clearpool
aurory,aurory
godsunchained,godsunchained
blocto,blocto
divergence,divergence
handlefi,handlefi
braintrust,braintrust
gelato,gelato
immutablex,immutablex
acalanetwork,acalanetwork
staratlas,staratlas
openswap,openswap
bitdao,bitdao
lithium,lithium
qredo,qredo
efinity,efinity
vegaprotocol,vegaprotocol
centrifuge,centrifuge
oilernetwork,oilernetwork
clv,clv
minaprotocol,minaprotocol
casper,casper
feiprotocol,feiprotocol
tidalfinance,tidalfinance
convergence,convergence
konominetwork,konominetwork
kine,kine
radicle,radicle
hopr,hopr
sifchainfinance,sifchainfinance
hydradx,hydradx
razornetwork,razornetwork
stegos,stegos
api3,api3
oasislabs,oasislabs
certik,certik
marlin,marlin
thegraph,thegraph
radixdlt,radixdlt
injectiveprotocol,injectiveprotocol
wing,wing
unilend,unilend
bellaprotocol,bellaprotocol
flow,flow
nucypher,nucypher
flamingofinance,flamingofinance
linearfinance,linearfinance
frontier,frontier
perpetualprotocol,perpetualprotocol
stafi,stafi
skalenetwork,skalenetwork
oinfinance,oinfinance
nearprotocol,nearprotocol
celo,celo
just,just
uma,uma
xdai,xdai
cartesi,cartesi
elixxir,elixxir
bandprotocol,bandprotocol
blockstack,blockstack
perlin,perlin
ultralpha,ultralpha
wink,wink
ultra,ultra
elrondnetwork,elrondnetwork
ampleforth,ampleforth
ozonemetaverse,ozonemetaverse
typeit,typeit
egopaysenger,egopaysenger
goracle,goracle
bidshop,bidshop
tectum,tectum
ethlas,ethlas
archway,archway
polygame,polygame
warlegends,warlegends
otterhome,otterhome
hypergpt,hypergpt
cyberarena,cyberarena
kaif,kaif
gptguru,gptguru
metaversekombat,metaversekombat
cogitoprotocol,cogitoprotocol
theqwan,theqwan
eldarune,eldarune
bwarelabs,bwarelabs
orbofi,orbofi
pikaprotocol,pikaprotocol
wistaverse,wistaverse
bladedao,bladedao
tenet,tenet
theunfettered,theunfettered
turbosfinance,turbosfinance
wefi,wefi
limewire,limewire
fitburn,fitburn
finblox,finblox
arbipad,arbipad
suipad,suipad
hypercycle,hypercycle
radiantcapital,radiantcapital
karatecombat,karatecombat
litlabgames,litlabgames
coinzix,coinzix
naviern,naviern
bluesale,bluesale
opencampus,opencampus
hepton,hepton
gosleep,gosleep
playzap,playzap
crown,crown
yesports,yesports
reignofterror,reignofterror
realitymetaverse,realitymetaverse
delysium,delysium
moovy,moovy
kryptai,kryptai
pomerium,pomerium
chaingpt,chaingpt
gloryfinance,gloryfinance
arkenfinance,arkenfinance
stellafantasy,stellafantasy
wifimap,wifimap
coniun,coniun
alaskagoldrush,alaskagoldrush
arttnetwork,arttnetwork
nuritopia,nuritopia
mintlayer,mintlayer
ovonftplatform,ovonftplatform
spaceid,spaceid
minima,minima
neocortexai,neocortexai
interactwith,interactwith
honeyland,honeyland
opipets,opipets
dangelfund,dangelfund
degenzoo,degenzoo
rejuveai,rejuveai
staika,staika
podfast,podfast
youropenmetaverse,youropenmetaverse
g4al,g4al
exorde,exorde
mizar,mizar
dsync,dsync
cryptogpt,cryptogpt
shelterz,shelterz
halo,halo
parmafantoken,parmafantoken
mantanetworkcrowdloan,mantanetworkcrowdloan
angelblock,angelblock
blackstallion,blackstallion
beldex,beldex
deepwaters,deepwaters
carbon,carbon
tatsumeeko,tatsumeeko
iguverse,iguverse
honeywood,honeywood
ikonic,ikonic
pine,pine
nft3,nft3
rewater,rewater
calvaria,calvaria
carrieverse,carrieverse
unofarm,unofarm
bitmex,bitmex
ozonemetaverse,ozonemetaverse
typeit,typeit
egopaysenger,egopaysenger
goracle,goracle
bidshop,bidshop
tectum,tectum
ethlas,ethlas
archway,archway
polygame,polygame
neon,neon
warlegends,warlegends
otterhome,otterhome
hypergpt,hypergpt
cyberarena,cyberarena
kaif,kaif
gptguru,gptguru
metaversekombat,metaversekombat
cogitoprotocol,cogitoprotocol
theqwan,theqwan
eldarune,eldarune
bwarelabs,bwarelabs
orbofi,orbofi
pikaprotocol,pikaprotocol
wistaverse,wistaverse
cyberconnect,cyberconnect
bladedao,bladedao
tenet,tenet
theunfettered,theunfettered
turbosfinance,turbosfinance
wefi,wefi
limewire,limewire
fitburn,fitburn
finblox,finblox
arbipad,arbipad
suipad,suipad
hypercycle,hypercycle
radiantcapital,radiantcapital
karatecombat,karatecombat
litlabgames,litlabgames
sui,sui
coinzix,coinzix
republicnote,republicnote
naviern,naviern
bluesale,bluesale
opencampus,opencampus
hepton,hepton
gosleep,gosleep
playzap,playzap
crown,crown
yesports,yesports
reignofterror,reignofterror
realitymetaverse,realitymetaverse
delysium,delysium
moovy,moovy
kryptai,kryptai
pomerium,pomerium
chaingpt,chaingpt
gloryfinance,gloryfinance
arkenfinance,arkenfinance
stellafantasy,stellafantasy
wifimap,wifimap
coniun,coniun
alaskagoldrush,alaskagoldrush
arttnetwork,arttnetwork
nuritopia,nuritopia
arbitrum,arbitrum
mintlayer,mintlayer
ovonftplatform,ovonftplatform
spaceid,spaceid
minima,minima
neocortexai,neocortexai
interactwith,interactwith
honeyland,honeyland
opipets,opipets
dangelfund,dangelfund
degenzoo,degenzoo
rejuveai,rejuveai
staika,staika
podfast,podfast
youropenmetaverse,youropenmetaverse
g4al,g4al
exorde,exorde
mizar,mizar
dsync,dsync
cryptogpt,cryptogpt
shelterz,shelterz
halo,halo
parmafantoken,parmafantoken
mantanetworkcrowdloan,mantanetworkcrowdloan
angelblock,angelblock
ironfish,ironfish
blackstallion,blackstallion
beldex,beldex
deepwaters,deepwaters
carbon,carbon
tatsumeeko,tatsumeeko
iguverse,iguverse
honeywood,honeywood
ikonic,ikonic
pine,pine
neon,neon
cyberconnect,cyberconnect
sui,sui
republicnote,republicnote
arbitrum,arbitrum
ironfish,ironfish
eco,eco
aptos,aptos
projectgalaxy,projectgalaxy
cowswap,cowswap
axelar,axelar
staderlabs,staderlabs
nym,nym
meritcircle,meritcircle
colony,colony
starlyio,starlyio
goldfinchfinance,goldfinchfinance
agoric,agoric
pstake,pstake
gearboxprotocol,gearboxprotocol
benqi,benqi
voxiestactics,voxiestactics
lumerin,lumerin
umee,umee
guildfi,guildfi
biconomy,biconomy
minesofdalarnia,minesofdalarnia
monox,monox
aurora,aurora
guildofguardians,guildofguardians
cerenetwork,cerenetwork
ardana,ardana
swash,swash
clearpool,clearpool
aurory,aurory
godsunchained,godsunchained
blocto,blocto
divergence,divergence
handlefi,handlefi
braintrust,braintrust
gelato,gelato
immutablex,immutablex
acalanetwork,acalanetwork
staratlas,staratlas
openswap,openswap
bitdao,bitdao
lithium,lithium
qredo,qredo
efinity,efinity
vegaprotocol,vegaprotocol
centrifuge,centrifuge
oilernetwork,oilernetwork
clv,clv
minaprotocol,minaprotocol
casper,casper
feiprotocol,feiprotocol
tidalfinance,tidalfinance
convergence,convergence
konominetwork,konominetwork
kine,kine
radicle,radicle
hopr,hopr
sifchainfinance,sifchainfinance
hydradx,hydradx
razornetwork,razornetwork
stegos,stegos
api3,api3
oasislabs,oasislabs
certik,certik
marlin,marlin
thegraph,thegraph
radixdlt,radixdlt
injectiveprotocol,injectiveprotocol
wing,wing
unilend,unilend
bellaprotocol,bellaprotocol
flow,flow
nucypher,nucypher
flamingofinance,flamingofinance
linearfinance,linearfinance
frontier,frontier
perpetualprotocol,perpetualprotocol
stafi,stafi
skalenetwork,skalenetwork
oinfinance,oinfinance
nearprotocol,nearprotocol
celo,celo
just,just
uma,uma
xdai,xdai
cartesi,cartesi
elixxir,elixxir
bandprotocol,bandprotocol
blockstack,blockstack
perlin,perlin
ultralpha,ultralpha
wink,wink
ultra,ultra
elrondnetwork,elrondnetwork
ampleforth,ampleforth
ozonemetaverse,ozonemetaverse
typeit,typeit
egopaysenger,egopaysenger
goracle,goracle
bidshop,bidshop
tectum,tectum
ethlas,ethlas
archway,archway
polygame,polygame
warlegends,warlegends
otterhome,otterhome
hypergpt,hypergpt
cyberarena,cyberarena
kaif,kaif
gptguru,gptguru
metaversekombat,metaversekombat
cogitoprotocol,cogitoprotocol
theqwan,theqwan
eldarune,eldarune
bwarelabs,bwarelabs
orbofi,orbofi
pikaprotocol,pikaprotocol
wistaverse,wistaverse
bladedao,bladedao
tenet,tenet
theunfettered,theunfettered
turbosfinance,turbosfinance
wefi,wefi
limewire,limewire
fitburn,fitburn
finblox,finblox
arbipad,arbipad
suipad,suipad
hypercycle,hypercycle
radiantcapital,radiantcapital
karatecombat,karatecombat
litlabgames,litlabgames
coinzix,coinzix
naviern,naviern
bluesale,bluesale
opencampus,opencampus
hepton,hepton
gosleep,gosleep
playzap,playzap
crown,crown
yesports,yesports
reignofterror,reignofterror
realitymetaverse,realitymetaverse
delysium,delysium
moovy,moovy
kryptai,kryptai
pomerium,pomerium
chaingpt,chaingpt
gloryfinance,gloryfinance
arkenfinance,arkenfinance
stellafantasy,stellafantasy
wifimap,wifimap
coniun,coniun
alaskagoldrush,alaskagoldrush
arttnetwork,arttnetwork
nuritopia,nuritopia
mintlayer,mintlayer
ovonftplatform,ovonftplatform
spaceid,spaceid
minima,minima
neocortexai,neocortexai
interactwith,interactwith
honeyland,honeyland
opipets,opipets
dangelfund,dangelfund
degenzoo,degenzoo
rejuveai,rejuveai
staika,staika
podfast,podfast
youropenmetaverse,youropenmetaverse
g4al,g4al
exorde,exorde
mizar,mizar
dsync,dsync
cryptogpt,cryptogpt
shelterz,shelterz
halo,halo
parmafantoken,parmafantoken
mantanetworkcrowdloan,mantanetworkcrowdloan
angelblock,angelblock
blackstallion,blackstallion
beldex,beldex
deepwaters,deepwaters
carbon,carbon
tatsumeeko,tatsumeeko
iguverse,iguverse
honeywood,honeywood
ikonic,ikonic
pine,pine
nft3,nft3
rewater,rewater
calvaria,calvaria
carrieverse,carrieverse
unofarm,unofarm
bitmex,bitmex
ozonemetaverse,ozonemetaverse
typeit,typeit
egopaysenger,egopaysenger
goracle,goracle
bidshop,bidshop
tectum,tectum
ethlas,ethlas
archway,archway
polygame,polygame
neon,neon
warlegends,warlegends
otterhome,otterhome
hypergpt,hypergpt
cyberarena,cyberarena
kaif,kaif
gptguru,gptguru
metaversekombat,metaversekombat
cogitoprotocol,cogitoprotocol
theqwan,theqwan
eldarune,eldarune
bwarelabs,bwarelabs
orbofi,orbofi
pikaprotocol,pikaprotocol
wistaverse,wistaverse
cyberconnect,cyberconnect
bladedao,bladedao
tenet,tenet
theunfettered,theunfettered
turbosfinance,turbosfinance
wefi,wefi
limewire,limewire
fitburn,fitburn
finblox,finblox
arbipad,arbipad
suipad,suipad
hypercycle,hypercycle
radiantcapital,radiantcapital
karatecombat,karatecombat
litlabgames,litlabgames
sui,sui
coinzix,coinzix
republicnote,republicnote
naviern,naviern
bluesale,bluesale
opencampus,opencampus
hepton,hepton
gosleep,gosleep
playzap,playzap
crown,crown
yesports,yesports
reignofterror,reignofterror
realitymetaverse,realitymetaverse
delysium,delysium
moovy,moovy
kryptai,kryptai
pomerium,pomerium
chaingpt,chaingpt
gloryfinance,gloryfinance
arkenfinance,arkenfinance
stellafantasy,stellafantasy
wifimap,wifimap
coniun,coniun
alaskagoldrush,alaskagoldrush
arttnetwork,arttnetwork
nuritopia,nuritopia
arbitrum,arbitrum
mintlayer,mintlayer
ovonftplatform,ovonftplatform
spaceid,spaceid
minima,minima
neocortexai,neocortexai
interactwith,interactwith
honeyland,honeyland
opipets,opipets
dangelfund,dangelfund
degenzoo,degenzoo
rejuveai,rejuveai
staika,staika
podfast,podfast
youropenmetaverse,youropenmetaverse
g4al,g4al
exorde,exorde
mizar,mizar
dsync,dsync
cryptogpt,cryptogpt
shelterz,shelterz
halo,halo
parmafantoken,parmafantoken
mantanetworkcrowdloan,mantanetworkcrowdloan
angelblock,angelblock
ironfish,ironfish
blackstallion,blackstallion
beldex,beldex
deepwaters,deepwaters
carbon,carbon
tatsumeeko,tatsumeeko
iguverse,iguverse
honeywood,honeywood
ikonic,ikonic
pine,pine
neon,neon
cyberconnect,cyberconnect
sui,sui
republicnote,republicnote
arbitrum,arbitrum
ironfish,ironfish
eco,eco
aptos,aptos
projectgalaxy,projectgalaxy
cowswap,cowswap
axelar,axelar
staderlabs,staderlabs
nym,nym
meritcircle,meritcircle
colony,colony
starlyio,starlyio
goldfinchfinance,goldfinchfinance
agoric,agoric
pstake,pstake
gearboxprotocol,gearboxprotocol
benqi,benqi
voxiestactics,voxiestactics
lumerin,lumerin
umee,umee
guildfi,guildfi
biconomy,biconomy
minesofdalarnia,minesofdalarnia
monox,monox
aurora,aurora
guildofguardians,guildofguardians
cerenetwork,cerenetwork
ardana,ardana
swash,swash
clearpool,clearpool
aurory,aurory
godsunchained,godsunchained
blocto,blocto
divergence,divergence
handlefi,handlefi
braintrust,braintrust
gelato,gelato
immutablex,immutablex
acalanetwork,acalanetwork
staratlas,staratlas
openswap,openswap
bitdao,bitdao
lithium,lithium
qredo,qredo
efinity,efinity
vegaprotocol,vegaprotocol
centrifuge,centrifuge
oilernetwork,oilernetwork
clv,clv
minaprotocol,minaprotocol
casper,casper
feiprotocol,feiprotocol
tidalfinance,tidalfinance
convergence,convergence
konominetwork,konominetwork
kine,kine
radicle,radicle
hopr,hopr
sifchainfinance,sifchainfinance
hydradx,hydradx
razornetwork,razornetwork
stegos,stegos
api3,api3
oasislabs,oasislabs
certik,certik
marlin,marlin
thegraph,thegraph
radixdlt,radixdlt
injectiveprotocol,injectiveprotocol
wing,wing
unilend,unilend
bellaprotocol,bellaprotocol
flow,flow
nucypher,nucypher
flamingofinance,flamingofinance
linearfinance,linearfinance
frontier,frontier
perpetualprotocol,perpetualprotocol
stafi,stafi
skalenetwork,skalenetwork
oinfinance,oinfinance
nearprotocol,nearprotocol
celo,celo
just,just
uma,uma
xdai,xdai
cartesi,cartesi
elixxir,elixxir
bandprotocol,bandprotocol
blockstack,blockstack
perlin,perlin
ultralpha,ultralpha
wink,wink
ultra,ultra
elrondnetwork,elrondnetwork
ampleforth,ampleforth
ozonemetaverse,ozonemetaverse
typeit,typeit
egopaysenger,egopaysenger
goracle,goracle
bidshop,bidshop
tectum,tectum
ethlas,ethlas
archway,archway
polygame,polygame
warlegends,warlegends
otterhome,otterhome
hypergpt,hypergpt
cyberarena,cyberarena
kaif,kaif
gptguru,gptguru
metaversekombat,metaversekombat
cogitoprotocol,cogitoprotocol
theqwan,theqwan
eldarune,eldarune
bwarelabs,bwarelabs
orbofi,orbofi
pikaprotocol,pikaprotocol
wistaverse,wistaverse
bladedao,bladedao
tenet,tenet
theunfettered,theunfettered
turbosfinance,turbosfinance
wefi,wefi
limewire,limewire
fitburn,fitburn
finblox,finblox
arbipad,arbipad
suipad,suipad
hypercycle,hypercycle
radiantcapital,radiantcapital
karatecombat,karatecombat
litlabgames,litlabgames
coinzix,coinzix
naviern,naviern
bluesale,bluesale
opencampus,opencampus
hepton,hepton
gosleep,gosleep
playzap,playzap
crown,crown
yesports,yesports
reignofterror,reignofterror
realitymetaverse,realitymetaverse
delysium,delysium
moovy,moovy
kryptai,kryptai
pomerium,pomerium
chaingpt,chaingpt
gloryfinance,gloryfinance
arkenfinance,arkenfinance
stellafantasy,stellafantasy
wifimap,wifimap
coniun,coniun
alaskagoldrush,alaskagoldrush
arttnetwork,arttnetwork
nuritopia,nuritopia
mintlayer,mintlayer
ovonftplatform,ovonftplatform
spaceid,spaceid
minima,minima
neocortexai,neocortexai
interactwith,interactwith
honeyland,honeyland
opipets,opipets
dangelfund,dangelfund
degenzoo,degenzoo
rejuveai,rejuveai
staika,staika
podfast,podfast
youropenmetaverse,youropenmetaverse
g4al,g4al
exorde,exorde
mizar,mizar
dsync,dsync
cryptogpt,cryptogpt
shelterz,shelterz
halo,halo
parmafantoken,parmafantoken
mantanetworkcrowdloan,mantanetworkcrowdloan
angelblock,angelblock
blackstallion,blackstallion
beldex,beldex
deepwaters,deepwaters
carbon,carbon
tatsumeeko,tatsumeeko
iguverse,iguverse
honeywood,honeywood
ikonic,ikonic
pine,pine
nft3,nft3
rewater,rewater
calvaria,calvaria
carrieverse,carrieverse
unofarm,unofarm
bitmex,bitmex
ozonemetaverse,ozonemetaverse
typeit,typeit
egopaysenger,egopaysenger
goracle,goracle
bidshop,bidshop
tectum,tectum
ethlas,ethlas
archway,archway
polygame,polygame
neon,neon
warlegends,warlegends
otterhome,otterhome
hypergpt,hypergpt
cyberarena,cyberarena
kaif,kaif
gptguru,gptguru
metaversekombat,metaversekombat
cogitoprotocol,cogitoprotocol
theqwan,theqwan
eldarune,eldarune
bwarelabs,bwarelabs
orbofi,orbofi
pikaprotocol,pikaprotocol
wistaverse,wistaverse
cyberconnect,cyberconnect
bladedao,bladedao
tenet,tenet
theunfettered,theunfettered
turbosfinance,turbosfinance
wefi,wefi
limewire,limewire
fitburn,fitburn
finblox,finblox
arbipad,arbipad
suipad,suipad
hypercycle,hypercycle
radiantcapital,radiantcapital
karatecombat,karatecombat
litlabgames,litlabgames
sui,sui
coinzix,coinzix
republicnote,republicnote
naviern,naviern
bluesale,bluesale
opencampus,opencampus
hepton,hepton
gosleep,gosleep
playzap,playzap
crown,crown
yesports,yesports
reignofterror,reignofterror
realitymetaverse,realitymetaverse
delysium,delysium
moovy,moovy
kryptai,kryptai
pomerium,pomerium
chaingpt,chaingpt
gloryfinance,gloryfinance
arkenfinance,arkenfinance
stellafantasy,stellafantasy
wifimap,wifimap
coniun,coniun
alaskagoldrush,alaskagoldrush
arttnetwork,arttnetwork
nuritopia,nuritopia
arbitrum,arbitrum
mintlayer,mintlayer
ovonftplatform,ovonftplatform
spaceid,spaceid
minima,minima
neocortexai,neocortexai
interactwith,interactwith
honeyland,honeyland
opipets,opipets
dangelfund,dangelfund
degenzoo,degenzoo
rejuveai,rejuveai
staika,staika
podfast,podfast
youropenmetaverse,youropenmetaverse
g4al,g4al
exorde,exorde
mizar,mizar
dsync,dsync
cryptogpt,cryptogpt
shelterz,shelterz
halo,halo
parmafantoken,parmafantoken
mantanetworkcrowdloan,mantanetworkcrowdloan
angelblock,angelblock
ironfish,ironfish
blackstallion,blackstallion
beldex,beldex
deepwaters,deepwaters
carbon,carbon
tatsumeeko,tatsumeeko
iguverse,iguverse
honeywood,honeywood
ikonic,ikonic
pine,pine
neon,neon
cyberconnect,cyberconnect
sui,sui
republicnote,republicnote
arbitrum,arbitrum
ironfish,ironfish
eco,eco
aptos,aptos
projectgalaxy,projectgalaxy
cowswap,cowswap
axelar,axelar
staderlabs,staderlabs
nym,nym
meritcircle,meritcircle
colony,colony
starlyio,starlyio
goldfinchfinance,goldfinchfinance
agoric,agoric
pstake,pstake
gearboxprotocol,gearboxprotocol
benqi,benqi
voxiestactics,voxiestactics
lumerin,lumerin
umee,umee
guildfi,guildfi
biconomy,biconomy
minesofdalarnia,minesofdalarnia
monox,monox
aurora,aurora
guildofguardians,guildofguardians
cerenetwork,cerenetwork
ardana,ardana
swash,swash
clearpool,clearpool
aurory,aurory
godsunchained,godsunchained
blocto,blocto
divergence,divergence
handlefi,handlefi
braintrust,braintrust
gelato,gelato
immutablex,immutablex
acalanetwork,acalanetwork
staratlas,staratlas
openswap,openswap
bitdao,bitdao
lithium,lithium
qredo,qredo
efinity,efinity
vegaprotocol,vegaprotocol
centrifuge,centrifuge
oilernetwork,oilernetwork
clv,clv
minaprotocol,minaprotocol
casper,casper
feiprotocol,feiprotocol
tidalfinance,tidalfinance
convergence,convergence
konominetwork,konominetwork
kine,kine
radicle,radicle
hopr,hopr
sifchainfinance,sifchainfinance
hydradx,hydradx
razornetwork,razornetwork
stegos,stegos
api3,api3
oasislabs,oasislabs
certik,certik
marlin,marlin
thegraph,thegraph
radixdlt,radixdlt
injectiveprotocol,injectiveprotocol
wing,wing
unilend,unilend
bellaprotocol,bellaprotocol
flow,flow
nucypher,nucypher
flamingofinance,flamingofinance
linearfinance,linearfinance
frontier,frontier
perpetualprotocol,perpetualprotocol
stafi,stafi
skalenetwork,skalenetwork
oinfinance,oinfinance
nearprotocol,nearprotocol
celo,celo
just,just
uma,uma
xdai,xdai
cartesi,cartesi
elixxir,elixxir
bandprotocol,bandprotocol
blockstack,blockstack
perlin,perlin
ultralpha,ultralpha
wink,wink
ultra,ultra
elrondnetwork,elrondnetwork
ampleforth,ampleforth
ozonemetaverse,ozonemetaverse
typeit,typeit
egopaysenger,egopaysenger
goracle,goracle
bidshop,bidshop
tectum,tectum
ethlas,ethlas
archway,archway
polygame,polygame
warlegends,warlegends
otterhome,otterhome
hypergpt,hypergpt
cyberarena,cyberarena
kaif,kaif
gptguru,gptguru
metaversekombat,metaversekombat
cogitoprotocol,cogitoprotocol
theqwan,theqwan
eldarune,eldarune
bwarelabs,bwarelabs
orbofi,orbofi
pikaprotocol,pikaprotocol
wistaverse,wistaverse
bladedao,bladedao
tenet,tenet
theunfettered,theunfettered
turbosfinance,turbosfinance
wefi,wefi
limewire,limewire
fitburn,fitburn
finblox,finblox
arbipad,arbipad
suipad,suipad
hypercycle,hypercycle
radiantcapital,radiantcapital
karatecombat,karatecombat
litlabgames,litlabgames
coinzix,coinzix
naviern,naviern
bluesale,bluesale
opencampus,opencampus
hepton,hepton
gosleep,gosleep
playzap,playzap
crown,crown
yesports,yesports
reignofterror,reignofterror
realitymetaverse,realitymetaverse
delysium,delysium
moovy,moovy
kryptai,kryptai
pomerium,pomerium
chaingpt,chaingpt
gloryfinance,gloryfinance
arkenfinance,arkenfinance
stellafantasy,stellafantasy
wifimap,wifimap
coniun,coniun
alaskagoldrush,alaskagoldrush
arttnetwork,arttnetwork
nuritopia,nuritopia
mintlayer,mintlayer
ovonftplatform,ovonftplatform
spaceid,spaceid
minima,minima
neocortexai,neocortexai
interactwith,interactwith
honeyland,honeyland
opipets,opipets
dangelfund,dangelfund
degenzoo,degenzoo
rejuveai,rejuveai
staika,staika
podfast,podfast
youropenmetaverse,youropenmetaverse
g4al,g4al
exorde,exorde
mizar,mizar
dsync,dsync
cryptogpt,cryptogpt
shelterz,shelterz
halo,halo
parmafantoken,parmafantoken
mantanetworkcrowdloan,mantanetworkcrowdloan
angelblock,angelblock
blackstallion,blackstallion
beldex,beldex
deepwaters,deepwaters
carbon,carbon
tatsumeeko,tatsumeeko
iguverse,iguverse
honeywood,honeywood
ikonic,ikonic
pine,pine
nft3,nft3
rewater,rewater
calvaria,calvaria
carrieverse,carrieverse
unofarm,unofarm
bitmex,bitmex
ozonemetaverse,ozonemetaverse
typeit,typeit
egopaysenger,egopaysenger
goracle,goracle
bidshop,bidshop
tectum,tectum
ethlas,ethlas
archway,archway
polygame,polygame
neon,neon
warlegends,warlegends
otterhome,otterhome
hypergpt,hypergpt
cyberarena,cyberarena
kaif,kaif
gptguru,gptguru
metaversekombat,metaversekombat
cogitoprotocol,cogitoprotocol
theqwan,theqwan
eldarune,eldarune
bwarelabs,bwarelabs
orbofi,orbofi
pikaprotocol,pikaprotocol
wistaverse,wistaverse
cyberconnect,cyberconnect
bladedao,bladedao
tenet,tenet
theunfettered,theunfettered
turbosfinance,turbosfinance
wefi,wefi
limewire,limewire
fitburn,fitburn
finblox,finblox
arbipad,arbipad
suipad,suipad
hypercycle,hypercycle
radiantcapital,radiantcapital
karatecombat,karatecombat
litlabgames,litlabgames
sui,sui
coinzix,coinzix
republicnote,republicnote
naviern,naviern
bluesale,bluesale
opencampus,opencampus
hepton,hepton
gosleep,gosleep
playzap,playzap
crown,crown
yesports,yesports
reignofterror,reignofterror
realitymetaverse,realitymetaverse
delysium,delysium
moovy,moovy
kryptai,kryptai
pomerium,pomerium
chaingpt,chaingpt
gloryfinance,gloryfinance
arkenfinance,arkenfinance
stellafantasy,stellafantasy
wifimap,wifimap
coniun,coniun
alaskagoldrush,alaskagoldrush
arttnetwork,arttnetwork
nuritopia,nuritopia
arbitrum,arbitrum
mintlayer,mintlayer
ovonftplatform,ovonftplatform
spaceid,spaceid
minima,minima
neocortexai,neocortexai
interactwith,interactwith
honeyland,honeyland
opipets,opipets
dangelfund,dangelfund
degenzoo,degenzoo
rejuveai,rejuveai
staika,staika
podfast,podfast
youropenmetaverse,youropenmetaverse
g4al,g4al
exorde,exorde
mizar,mizar
dsync,dsync
cryptogpt,cryptogpt
shelterz,shelterz
halo,halo
parmafantoken,parmafantoken
mantanetworkcrowdloan,mantanetworkcrowdloan
angelblock,angelblock
ironfish,ironfish
blackstallion,blackstallion
beldex,beldex
deepwaters,deepwaters
carbon,carbon
tatsumeeko,tatsumeeko
iguverse,iguverse
honeywood,honeywood
ikonic,ikonic
pine,pine
neon,neon
cyberconnect,cyberconnect
sui,sui
republicnote,republicnote
arbitrum,arbitrum
ironfish,ironfish
eco,eco
aptos,aptos
projectgalaxy,projectgalaxy
cowswap,cowswap
axelar,axelar
staderlabs,staderlabs
nym,nym
meritcircle,meritcircle
colony,colony
starlyio,starlyio
goldfinchfinance,goldfinchfinance
agoric,agoric
pstake,pstake
gearboxprotocol,gearboxprotocol
benqi,benqi
voxiestactics,voxiestactics
lumerin,lumerin
umee,umee
guildfi,guildfi
biconomy,biconomy
minesofdalarnia,minesofdalarnia
monox,monox
aurora,aurora
guildofguardians,guildofguardians
cerenetwork,cerenetwork
ardana,ardana
swash,swash
clearpool,clearpool
aurory,aurory
godsunchained,godsunchained
blocto,blocto
divergence,divergence
handlefi,handlefi
braintrust,braintrust
gelato,gelato
immutablex,immutablex
acalanetwork,acalanetwork
staratlas,staratlas
openswap,openswap
bitdao,bitdao
lithium,lithium
qredo,qredo
efinity,efinity
vegaprotocol,vegaprotocol
centrifuge,centrifuge
oilernetwork,oilernetwork
clv,clv
minaprotocol,minaprotocol
casper,casper
feiprotocol,feiprotocol
tidalfinance,tidalfinance
convergence,convergence
konominetwork,konominetwork
kine,kine
radicle,radicle
hopr,hopr
sifchainfinance,sifchainfinance
hydradx,hydradx
razornetwork,razornetwork
stegos,stegos
api3,api3
oasislabs,oasislabs
certik,certik
marlin,marlin
thegraph,thegraph
radixdlt,radixdlt
injectiveprotocol,injectiveprotocol
wing,wing
unilend,unilend
bellaprotocol,bellaprotocol
flow,flow
nucypher,nucypher
flamingofinance,flamingofinance
linearfinance,linearfinance
frontier,frontier
perpetualprotocol,perpetualprotocol
stafi,stafi
skalenetwork,skalenetwork
oinfinance,oinfinance
nearprotocol,nearprotocol
celo,celo
just,just
uma,uma
xdai,xdai
cartesi,cartesi
elixxir,elixxir
bandprotocol,bandprotocol
blockstack,blockstack
perlin,perlin
ultralpha,ultralpha
wink,wink
ultra,ultra
elrondnetwork,elrondnetwork
ampleforth,ampleforth
ozonemetaverse,ozonemetaverse
typeit,typeit
egopaysenger,egopaysenger
goracle,goracle
bidshop,bidshop
tectum,tectum
ethlas,ethlas
archway,archway
polygame,polygame
warlegends,warlegends
otterhome,otterhome
hypergpt,hypergpt
cyberarena,cyberarena
kaif,kaif
gptguru,gptguru
metaversekombat,metaversekombat
cogitoprotocol,cogitoprotocol
theqwan,theqwan
eldarune,eldarune
bwarelabs,bwarelabs
orbofi,orbofi
pikaprotocol,pikaprotocol
wistaverse,wistaverse
bladedao,bladedao
tenet,tenet
theunfettered,theunfettered
turbosfinance,turbosfinance
wefi,wefi
limewire,limewire
fitburn,fitburn
finblox,finblox
arbipad,arbipad
suipad,suipad
hypercycle,hypercycle
radiantcapital,radiantcapital
karatecombat,karatecombat
litlabgames,litlabgames
coinzix,coinzix
naviern,naviern
bluesale,bluesale
opencampus,opencampus
hepton,hepton
gosleep,gosleep
playzap,playzap
crown,crown
yesports,yesports
reignofterror,reignofterror
realitymetaverse,realitymetaverse
delysium,delysium
moovy,moovy
kryptai,kryptai
pomerium,pomerium
chaingpt,chaingpt
gloryfinance,gloryfinance
arkenfinance,arkenfinance
stellafantasy,stellafantasy
wifimap,wifimap
coniun,coniun
alaskagoldrush,alaskagoldrush
arttnetwork,arttnetwork
nuritopia,nuritopia
mintlayer,mintlayer
ovonftplatform,ovonftplatform
spaceid,spaceid
minima,minima
neocortexai,neocortexai
interactwith,interactwith
honeyland,honeyland
opipets,opipets
dangelfund,dangelfund
degenzoo,degenzoo
rejuveai,rejuveai
staika,staika
podfast,podfast
youropenmetaverse,youropenmetaverse
g4al,g4al
exorde,exorde
mizar,mizar
dsync,dsync
cryptogpt,cryptogpt
shelterz,shelterz
halo,halo
parmafantoken,parmafantoken
mantanetworkcrowdloan,mantanetworkcrowdloan
angelblock,angelblock
blackstallion,blackstallion
beldex,beldex
deepwaters,deepwaters
carbon,carbon
tatsumeeko,tatsumeeko
iguverse,iguverse
honeywood,honeywood
ikonic,ikonic
pine,pine
nft3,nft3
rewater,rewater
calvaria,calvaria
carrieverse,carrieverse
unofarm,unofarm
bitmex,bitmex
ozonemetaverse,ozonemetaverse
typeit,typeit
egopaysenger,egopaysenger
goracle,goracle
bidshop,bidshop
tectum,tectum
ethlas,ethlas
archway,archway
polygame,polygame
neon,neon
warlegends,warlegends
otterhome,otterhome
hypergpt,hypergpt
cyberarena,cyberarena
kaif,kaif
gptguru,gptguru
metaversekombat,metaversekombat
cogitoprotocol,cogitoprotocol
theqwan,theqwan
eldarune,eldarune
bwarelabs,bwarelabs
orbofi,orbofi
pikaprotocol,pikaprotocol
wistaverse,wistaverse
cyberconnect,cyberconnect
bladedao,bladedao
tenet,tenet
theunfettered,theunfettered
turbosfinance,turbosfinance
wefi,wefi
limewire,limewire
fitburn,fitburn
finblox,finblox
arbipad,arbipad
suipad,suipad
hypercycle,hypercycle
radiantcapital,radiantcapital
karatecombat,karatecombat
litlabgames,litlabgames
sui,sui
coinzix,coinzix
republicnote,republicnote
naviern,naviern
bluesale,bluesale
opencampus,opencampus
hepton,hepton
gosleep,gosleep
playzap,playzap
crown,crown
yesports,yesports
reignofterror,reignofterror
realitymetaverse,realitymetaverse
delysium,delysium
moovy,moovy
kryptai,kryptai
pomerium,pomerium
chaingpt,chaingpt
gloryfinance,gloryfinance
arkenfinance,arkenfinance
stellafantasy,stellafantasy
wifimap,wifimap
coniun,coniun
alaskagoldrush,alaskagoldrush
arttnetwork,arttnetwork
nuritopia,nuritopia
arbitrum,arbitrum
mintlayer,mintlayer
ovonftplatform,ovonftplatform
spaceid,spaceid
minima,minima
neocortexai,neocortexai
interactwith,interactwith
honeyland,honeyland
opipets,opipets
dangelfund,dangelfund
degenzoo,degenzoo
rejuveai,rejuveai
staika,staika
podfast,podfast
youropenmetaverse,youropenmetaverse
g4al,g4al
exorde,exorde
mizar,mizar
dsync,dsync
cryptogpt,cryptogpt
shelterz,shelterz
halo,halo
parmafantoken,parmafantoken
mantanetworkcrowdloan,mantanetworkcrowdloan
angelblock,angelblock
ironfish,ironfish
blackstallion,blackstallion
beldex,beldex
deepwaters,deepwaters
carbon,carbon
tatsumeeko,tatsumeeko
iguverse,iguverse
honeywood,honeywood
ikonic,ikonic
pine,pine
neon,neon
cyberconnect,cyberconnect
sui,sui
republicnote,republicnote
arbitrum,arbitrum
ironfish,ironfish
eco,eco
aptos,aptos
projectgalaxy,projectgalaxy
cowswap,cowswap
axelar,axelar
staderlabs,staderlabs
nym,nym
meritcircle,meritcircle
colony,colony
starlyio,starlyio
goldfinchfinance,goldfinchfinance
agoric,agoric
pstake,pstake
gearboxprotocol,gearboxprotocol
benqi,benqi
voxiestactics,voxiestactics
lumerin,lumerin
umee,umee
guildfi,guildfi
biconomy,biconomy
minesofdalarnia,minesofdalarnia
monox,monox
aurora,aurora
guildofguardians,guildofguardians
cerenetwork,cerenetwork
ardana,ardana
swash,swash
clearpool,clearpool
aurory,aurory
godsunchained,godsunchained
blocto,blocto
divergence,divergence
handlefi,handlefi
braintrust,braintrust
gelato,gelato
immutablex,immutablex
acalanetwork,acalanetwork
staratlas,staratlas
openswap,openswap
bitdao,bitdao
lithium,lithium
qredo,qredo
efinity,efinity
vegaprotocol,vegaprotocol
centrifuge,centrifuge
oilernetwork,oilernetwork
clv,clv
minaprotocol,minaprotocol
casper,casper
feiprotocol,feiprotocol
tidalfinance,tidalfinance
convergence,convergence
konominetwork,konominetwork
kine,kine
radicle,radicle
hopr,hopr
sifchainfinance,sifchainfinance
hydradx,hydradx
razornetwork,razornetwork
stegos,stegos
api3,api3
oasislabs,oasislabs
certik,certik
marlin,marlin
thegraph,thegraph
radixdlt,radixdlt
injectiveprotocol,injectiveprotocol
wing,wing
unilend,unilend
bellaprotocol,bellaprotocol
flow,flow
nucypher,nucypher
flamingofinance,flamingofinance
linearfinance,linearfinance
frontier,frontier
perpetualprotocol,perpetualprotocol
stafi,stafi
skalenetwork,skalenetwork
oinfinance,oinfinance
nearprotocol,nearprotocol
celo,celo
just,just
uma,uma
xdai,xdai
cartesi,cartesi
elixxir,elixxir
bandprotocol,bandprotocol
blockstack,blockstack
perlin,perlin
ultralpha,ultralpha
wink,wink
ultra,ultra
elrondnetwork,elrondnetwork
ampleforth,ampleforth
ozonemetaverse,ozonemetaverse
typeit,typeit
egopaysenger,egopaysenger
goracle,goracle
bidshop,bidshop
tectum,tectum
ethlas,ethlas
archway,archway
polygame,polygame
warlegends,warlegends
otterhome,otterhome
hypergpt,hypergpt
cyberarena,cyberarena
kaif,kaif
gptguru,gptguru
metaversekombat,metaversekombat
cogitoprotocol,cogitoprotocol
theqwan,theqwan
eldarune,eldarune
bwarelabs,bwarelabs
orbofi,orbofi
pikaprotocol,pikaprotocol
wistaverse,wistaverse
bladedao,bladedao
tenet,tenet
theunfettered,theunfettered
turbosfinance,turbosfinance
wefi,wefi
limewire,limewire
fitburn,fitburn
finblox,finblox
arbipad,arbipad
suipad,suipad
hypercycle,hypercycle
radiantcapital,radiantcapital
karatecombat,karatecombat
litlabgames,litlabgames
coinzix,coinzix
naviern,naviern
bluesale,bluesale
opencampus,opencampus
hepton,hepton
gosleep,gosleep
playzap,playzap
crown,crown
yesports,yesports
reignofterror,reignofterror
realitymetaverse,realitymetaverse
delysium,delysium
moovy,moovy
kryptai,kryptai
pomerium,pomerium
chaingpt,chaingpt
gloryfinance,gloryfinance
arkenfinance,arkenfinance
stellafantasy,stellafantasy
wifimap,wifimap
coniun,coniun
alaskagoldrush,alaskagoldrush
arttnetwork,arttnetwork
nuritopia,nuritopia
mintlayer,mintlayer
ovonftplatform,ovonftplatform
spaceid,spaceid
minima,minima
neocortexai,neocortexai
interactwith,interactwith
honeyland,honeyland
opipets,opipets
dangelfund,dangelfund
degenzoo,degenzoo
rejuveai,rejuveai
staika,staika
podfast,podfast
youropenmetaverse,youropenmetaverse
g4al,g4al
exorde,exorde
mizar,mizar
dsync,dsync
cryptogpt,cryptogpt
shelterz,shelterz
halo,halo
parmafantoken,parmafantoken
mantanetworkcrowdloan,mantanetworkcrowdloan
angelblock,angelblock
blackstallion,blackstallion
beldex,beldex
deepwaters,deepwaters
carbon,carbon
tatsumeeko,tatsumeeko
iguverse,iguverse
honeywood,honeywood
ikonic,ikonic
pine,pine
nft3,nft3
rewater,rewater
calvaria,calvaria
carrieverse,carrieverse
unofarm,unofarm
bitmex,bitmex
